url,year,seasonType,category
http://www.nfl.com/stats/categorystats?tabSeq=0&season=2016&seasonType=POST&d-447263-n=2&d-447263-o=2&statisticCategory=PASSING&conference=null&d-447263-p=1,2016,POST,PASSING
http://www.nfl.com/stats/categorystats?tabSeq=0&season=2016&seasonType=REG&d-447263-n=2&d-447263-o=2&statisticCategory=PASSING&conference=null&d-447263-p=1,2016,REG,PASSING
http://www.nfl.com/stats/categorystats?tabSeq=0&season=2016&seasonType=PRE&d-447263-n=2&d-447263-o=2&statisticCategory=PASSING&conference=null&d-447263-p=1,2016,PRE,PASSING
http://www.nfl.com/stats/categorystats?tabSeq=0&season=2015&seasonType=REG&d-447263-n=2&d-447263-o=2&statisticCategory=PASSING&conference=null&d-447263-p=1,2015,REG,PASSING
http://www.nfl.com/stats/categorystats?tabSeq=0&season=2015&seasonType=REG&d-447263-n=2&d-447263-o=2&statisticCategory=RUSHING&conference=null&d-447263-p=1,2015,REG,RUSHING
http://www.nfl.com/stats/categorystats?tabSeq=0&season=2015&seasonType=REG&d-447263-n=2&d-447263-o=2&statisticCategory=RECEIVING&conference=null&d-447263-p=1,2015,REG,RECEIVING
http://www.nfl.com/stats/categorystats?tabSeq=0&season=2015&seasonType=REG&d-447263-n=2&d-447263-o=2&statisticCategory=KICKING&conference=null&d-447263-p=1,2015,REG,KICKING
http://www.nfl.com/stats/categorystats?tabSeq=0&season=2015&seasonType=REG&d-447263-n=2&d-447263-o=2&statisticCategory=FIELD_GOALS&conference=null&d-447263-p=1,2015,REG,FIELD_GOALS
http://www.nfl.com/stats/categorystats?tabSeq=0&season=2015&seasonType=REG&d-447263-n=2&d-447263-o=2&statisticCategory=KICK_RETURNS&conference=null&d-447263-p=1,2015,REG,KICK_RETURNS
http://www.nfl.com/stats/categorystats?tabSeq=0&season=2015&seasonType=REG&d-447263-n=2&d-447263-o=2&statisticCategory=PUNTING&conference=null&d-447263-p=1,2015,REG,PUNTING
http://www.nfl.com/stats/categorystats?tabSeq=0&season=2015&seasonType=REG&d-447263-n=2&d-447263-o=2&statisticCategory=SACKS&conference=null&d-447263-p=1,2015,REG,SACKS
http://www.nfl.com/stats/categorystats?tabSeq=0&season=2015&seasonType=REG&d-447263-n=2&d-447263-o=2&statisticCategory=TACKLES&conference=null&d-447263-p=1,2015,REG,TACKLES
http://www.nfl.com/stats/categorystats?tabSeq=0&season=2015&seasonType=POST&d-447263-n=2&d-447263-o=2&statisticCategory=PASSING&conference=null&d-447263-p=1,2015,POST,PASSING
http://www.nfl.com/stats/categorystats?tabSeq=0&season=2015&seasonType=POST&d-447263-n=2&d-447263-o=2&statisticCategory=RUSHING&conference=null&d-447263-p=1,2015,POST,RUSHING
http://www.nfl.com/stats/categorystats?tabSeq=0&season=2015&seasonType=POST&d-447263-n=2&d-447263-o=2&statisticCategory=RECEIVING&conference=null&d-447263-p=1,2015,POST,RECEIVING
http://www.nfl.com/stats/categorystats?tabSeq=0&season=2015&seasonType=POST&d-447263-n=2&d-447263-o=2&statisticCategory=KICKING&conference=null&d-447263-p=1,2015,POST,KICKING
http://www.nfl.com/stats/categorystats?tabSeq=0&season=2015&seasonType=POST&d-447263-n=2&d-447263-o=2&statisticCategory=FIELD_GOALS&conference=null&d-447263-p=1,2015,POST,FIELD_GOALS
http://www.nfl.com/stats/categorystats?tabSeq=0&season=2015&seasonType=POST&d-447263-n=2&d-447263-o=2&statisticCategory=KICK_RETURNS&conference=null&d-447263-p=1,2015,POST,KICK_RETURNS
http://www.nfl.com/stats/categorystats?tabSeq=0&season=2015&seasonType=POST&d-447263-n=2&d-447263-o=2&statisticCategory=PUNTING&conference=null&d-447263-p=1,2015,POST,PUNTING
http://www.nfl.com/stats/categorystats?tabSeq=0&season=2015&seasonType=POST&d-447263-n=2&d-447263-o=2&statisticCategory=SACKS&conference=null&d-447263-p=1,2015,POST,SACKS
http://www.nfl.com/stats/categorystats?tabSeq=0&season=2015&seasonType=POST&d-447263-n=2&d-447263-o=2&statisticCategory=TACKLES&conference=null&d-447263-p=1,2015,POST,TACKLES
http://www.nfl.com/stats/categorystats?tabSeq=0&season=2015&seasonType=PRE&d-447263-n=2&d-447263-o=2&statisticCategory=PASSING&conference=null&d-447263-p=1,2015,PRE,PASSING
http://www.nfl.com/stats/categorystats?tabSeq=0&season=2015&seasonType=PRE&d-447263-n=2&d-447263-o=2&statisticCategory=RUSHING&conference=null&d-447263-p=1,2015,PRE,RUSHING
http://www.nfl.com/stats/categorystats?tabSeq=0&season=2015&seasonType=PRE&d-447263-n=2&d-447263-o=2&statisticCategory=RECEIVING&conference=null&d-447263-p=1,2015,PRE,RECEIVING
http://www.nfl.com/stats/categorystats?tabSeq=0&season=2015&seasonType=PRE&d-447263-n=2&d-447263-o=2&statisticCategory=KICKING&conference=null&d-447263-p=1,2015,PRE,KICKING
http://www.nfl.com/stats/categorystats?tabSeq=0&season=2015&seasonType=PRE&d-447263-n=2&d-447263-o=2&statisticCategory=FIELD_GOALS&conference=null&d-447263-p=1,2015,PRE,FIELD_GOALS
http://www.nfl.com/stats/categorystats?tabSeq=0&season=2015&seasonType=PRE&d-447263-n=2&d-447263-o=2&statisticCategory=KICK_RETURNS&conference=null&d-447263-p=1,2015,PRE,KICK_RETURNS
http://www.nfl.com/stats/categorystats?tabSeq=0&season=2015&seasonType=PRE&d-447263-n=2&d-447263-o=2&statisticCategory=PUNTING&conference=null&d-447263-p=1,2015,PRE,PUNTING
http://www.nfl.com/stats/categorystats?tabSeq=0&season=2015&seasonType=PRE&d-447263-n=2&d-447263-o=2&statisticCategory=SACKS&conference=null&d-447263-p=1,2015,PRE,SACKS
http://www.nfl.com/stats/categorystats?tabSeq=0&season=2015&seasonType=PRE&d-447263-n=2&d-447263-o=2&statisticCategory=TACKLES&conference=null&d-447263-p=1,2015,PRE,TACKLES
http://www.nfl.com/stats/categorystats?tabSeq=0&season=2014&seasonType=REG&d-447263-n=2&d-447263-o=2&statisticCategory=PASSING&conference=null&d-447263-p=1,2014,REG,PASSING
http://www.nfl.com/stats/categorystats?tabSeq=0&season=2014&seasonType=REG&d-447263-n=2&d-447263-o=2&statisticCategory=RUSHING&conference=null&d-447263-p=1,2014,REG,RUSHING
http://www.nfl.com/stats/categorystats?tabSeq=0&season=2014&seasonType=REG&d-447263-n=2&d-447263-o=2&statisticCategory=RECEIVING&conference=null&d-447263-p=1,2014,REG,RECEIVING
http://www.nfl.com/stats/categorystats?tabSeq=0&season=2014&seasonType=REG&d-447263-n=2&d-447263-o=2&statisticCategory=KICKING&conference=null&d-447263-p=1,2014,REG,KICKING
http://www.nfl.com/stats/categorystats?tabSeq=0&season=2014&seasonType=REG&d-447263-n=2&d-447263-o=2&statisticCategory=FIELD_GOALS&conference=null&d-447263-p=1,2014,REG,FIELD_GOALS
http://www.nfl.com/stats/categorystats?tabSeq=0&season=2014&seasonType=REG&d-447263-n=2&d-447263-o=2&statisticCategory=KICK_RETURNS&conference=null&d-447263-p=1,2014,REG,KICK_RETURNS
http://www.nfl.com/stats/categorystats?tabSeq=0&season=2014&seasonType=REG&d-447263-n=2&d-447263-o=2&statisticCategory=PUNTING&conference=null&d-447263-p=1,2014,REG,PUNTING
http://www.nfl.com/stats/categorystats?tabSeq=0&season=2014&seasonType=REG&d-447263-n=2&d-447263-o=2&statisticCategory=SACKS&conference=null&d-447263-p=1,2014,REG,SACKS
http://www.nfl.com/stats/categorystats?tabSeq=0&season=2014&seasonType=REG&d-447263-n=2&d-447263-o=2&statisticCategory=TACKLES&conference=null&d-447263-p=1,2014,REG,TACKLES
http://www.nfl.com/stats/categorystats?tabSeq=0&season=2014&seasonType=POST&d-447263-n=2&d-447263-o=2&statisticCategory=PASSING&conference=null&d-447263-p=1,2014,POST,PASSING
http://www.nfl.com/stats/categorystats?tabSeq=0&season=2014&seasonType=POST&d-447263-n=2&d-447263-o=2&statisticCategory=RUSHING&conference=null&d-447263-p=1,2014,POST,RUSHING
http://www.nfl.com/stats/categorystats?tabSeq=0&season=2014&seasonType=POST&d-447263-n=2&d-447263-o=2&statisticCategory=RECEIVING&conference=null&d-447263-p=1,2014,POST,RECEIVING
http://www.nfl.com/stats/categorystats?tabSeq=0&season=2014&seasonType=POST&d-447263-n=2&d-447263-o=2&statisticCategory=KICKING&conference=null&d-447263-p=1,2014,POST,KICKING
http://www.nfl.com/stats/categorystats?tabSeq=0&season=2014&seasonType=POST&d-447263-n=2&d-447263-o=2&statisticCategory=FIELD_GOALS&conference=null&d-447263-p=1,2014,POST,FIELD_GOALS
http://www.nfl.com/stats/categorystats?tabSeq=0&season=2014&seasonType=POST&d-447263-n=2&d-447263-o=2&statisticCategory=KICK_RETURNS&conference=null&d-447263-p=1,2014,POST,KICK_RETURNS
http://www.nfl.com/stats/categorystats?tabSeq=0&season=2014&seasonType=POST&d-447263-n=2&d-447263-o=2&statisticCategory=PUNTING&conference=null&d-447263-p=1,2014,POST,PUNTING
http://www.nfl.com/stats/categorystats?tabSeq=0&season=2014&seasonType=POST&d-447263-n=2&d-447263-o=2&statisticCategory=SACKS&conference=null&d-447263-p=1,2014,POST,SACKS
http://www.nfl.com/stats/categorystats?tabSeq=0&season=2014&seasonType=POST&d-447263-n=2&d-447263-o=2&statisticCategory=TACKLES&conference=null&d-447263-p=1,2014,POST,TACKLES
http://www.nfl.com/stats/categorystats?tabSeq=0&season=2014&seasonType=PRE&d-447263-n=2&d-447263-o=2&statisticCategory=PASSING&conference=null&d-447263-p=1,2014,PRE,PASSING
http://www.nfl.com/stats/categorystats?tabSeq=0&season=2014&seasonType=PRE&d-447263-n=2&d-447263-o=2&statisticCategory=RUSHING&conference=null&d-447263-p=1,2014,PRE,RUSHING
http://www.nfl.com/stats/categorystats?tabSeq=0&season=2014&seasonType=PRE&d-447263-n=2&d-447263-o=2&statisticCategory=RECEIVING&conference=null&d-447263-p=1,2014,PRE,RECEIVING
http://www.nfl.com/stats/categorystats?tabSeq=0&season=2014&seasonType=PRE&d-447263-n=2&d-447263-o=2&statisticCategory=KICKING&conference=null&d-447263-p=1,2014,PRE,KICKING
http://www.nfl.com/stats/categorystats?tabSeq=0&season=2014&seasonType=PRE&d-447263-n=2&d-447263-o=2&statisticCategory=FIELD_GOALS&conference=null&d-447263-p=1,2014,PRE,FIELD_GOALS
http://www.nfl.com/stats/categorystats?tabSeq=0&season=2014&seasonType=PRE&d-447263-n=2&d-447263-o=2&statisticCategory=KICK_RETURNS&conference=null&d-447263-p=1,2014,PRE,KICK_RETURNS
http://www.nfl.com/stats/categorystats?tabSeq=0&season=2014&seasonType=PRE&d-447263-n=2&d-447263-o=2&statisticCategory=PUNTING&conference=null&d-447263-p=1,2014,PRE,PUNTING
http://www.nfl.com/stats/categorystats?tabSeq=0&season=2014&seasonType=PRE&d-447263-n=2&d-447263-o=2&statisticCategory=SACKS&conference=null&d-447263-p=1,2014,PRE,SACKS
http://www.nfl.com/stats/categorystats?tabSeq=0&season=2014&seasonType=PRE&d-447263-n=2&d-447263-o=2&statisticCategory=TACKLES&conference=null&d-447263-p=1,2014,PRE,TACKLES
http://www.nfl.com/stats/categorystats?tabSeq=0&season=2013&seasonType=REG&d-447263-n=2&d-447263-o=2&statisticCategory=PASSING&conference=null&d-447263-p=1,2013,REG,PASSING
http://www.nfl.com/stats/categorystats?tabSeq=0&season=2013&seasonType=REG&d-447263-n=2&d-447263-o=2&statisticCategory=RUSHING&conference=null&d-447263-p=1,2013,REG,RUSHING
http://www.nfl.com/stats/categorystats?tabSeq=0&season=2013&seasonType=REG&d-447263-n=2&d-447263-o=2&statisticCategory=RECEIVING&conference=null&d-447263-p=1,2013,REG,RECEIVING
http://www.nfl.com/stats/categorystats?tabSeq=0&season=2013&seasonType=REG&d-447263-n=2&d-447263-o=2&statisticCategory=KICKING&conference=null&d-447263-p=1,2013,REG,KICKING
http://www.nfl.com/stats/categorystats?tabSeq=0&season=2013&seasonType=REG&d-447263-n=2&d-447263-o=2&statisticCategory=FIELD_GOALS&conference=null&d-447263-p=1,2013,REG,FIELD_GOALS
http://www.nfl.com/stats/categorystats?tabSeq=0&season=2013&seasonType=REG&d-447263-n=2&d-447263-o=2&statisticCategory=KICK_RETURNS&conference=null&d-447263-p=1,2013,REG,KICK_RETURNS
http://www.nfl.com/stats/categorystats?tabSeq=0&season=2013&seasonType=REG&d-447263-n=2&d-447263-o=2&statisticCategory=PUNTING&conference=null&d-447263-p=1,2013,REG,PUNTING
http://www.nfl.com/stats/categorystats?tabSeq=0&season=2013&seasonType=REG&d-447263-n=2&d-447263-o=2&statisticCategory=SACKS&conference=null&d-447263-p=1,2013,REG,SACKS
http://www.nfl.com/stats/categorystats?tabSeq=0&season=2013&seasonType=REG&d-447263-n=2&d-447263-o=2&statisticCategory=TACKLES&conference=null&d-447263-p=1,2013,REG,TACKLES
http://www.nfl.com/stats/categorystats?tabSeq=0&season=2013&seasonType=POST&d-447263-n=2&d-447263-o=2&statisticCategory=PASSING&conference=null&d-447263-p=1,2013,POST,PASSING
http://www.nfl.com/stats/categorystats?tabSeq=0&season=2013&seasonType=POST&d-447263-n=2&d-447263-o=2&statisticCategory=RUSHING&conference=null&d-447263-p=1,2013,POST,RUSHING
http://www.nfl.com/stats/categorystats?tabSeq=0&season=2013&seasonType=POST&d-447263-n=2&d-447263-o=2&statisticCategory=RECEIVING&conference=null&d-447263-p=1,2013,POST,RECEIVING
http://www.nfl.com/stats/categorystats?tabSeq=0&season=2013&seasonType=POST&d-447263-n=2&d-447263-o=2&statisticCategory=KICKING&conference=null&d-447263-p=1,2013,POST,KICKING
http://www.nfl.com/stats/categorystats?tabSeq=0&season=2013&seasonType=POST&d-447263-n=2&d-447263-o=2&statisticCategory=FIELD_GOALS&conference=null&d-447263-p=1,2013,POST,FIELD_GOALS
http://www.nfl.com/stats/categorystats?tabSeq=0&season=2013&seasonType=POST&d-447263-n=2&d-447263-o=2&statisticCategory=KICK_RETURNS&conference=null&d-447263-p=1,2013,POST,KICK_RETURNS
http://www.nfl.com/stats/categorystats?tabSeq=0&season=2013&seasonType=POST&d-447263-n=2&d-447263-o=2&statisticCategory=PUNTING&conference=null&d-447263-p=1,2013,POST,PUNTING
http://www.nfl.com/stats/categorystats?tabSeq=0&season=2013&seasonType=POST&d-447263-n=2&d-447263-o=2&statisticCategory=SACKS&conference=null&d-447263-p=1,2013,POST,SACKS
http://www.nfl.com/stats/categorystats?tabSeq=0&season=2013&seasonType=POST&d-447263-n=2&d-447263-o=2&statisticCategory=TACKLES&conference=null&d-447263-p=1,2013,POST,TACKLES
http://www.nfl.com/stats/categorystats?tabSeq=0&season=2013&seasonType=PRE&d-447263-n=2&d-447263-o=2&statisticCategory=PASSING&conference=null&d-447263-p=1,2013,PRE,PASSING
http://www.nfl.com/stats/categorystats?tabSeq=0&season=2013&seasonType=PRE&d-447263-n=2&d-447263-o=2&statisticCategory=RUSHING&conference=null&d-447263-p=1,2013,PRE,RUSHING
http://www.nfl.com/stats/categorystats?tabSeq=0&season=2013&seasonType=PRE&d-447263-n=2&d-447263-o=2&statisticCategory=RECEIVING&conference=null&d-447263-p=1,2013,PRE,RECEIVING
http://www.nfl.com/stats/categorystats?tabSeq=0&season=2013&seasonType=PRE&d-447263-n=2&d-447263-o=2&statisticCategory=KICKING&conference=null&d-447263-p=1,2013,PRE,KICKING
http://www.nfl.com/stats/categorystats?tabSeq=0&season=2013&seasonType=PRE&d-447263-n=2&d-447263-o=2&statisticCategory=FIELD_GOALS&conference=null&d-447263-p=1,2013,PRE,FIELD_GOALS
http://www.nfl.com/stats/categorystats?tabSeq=0&season=2013&seasonType=PRE&d-447263-n=2&d-447263-o=2&statisticCategory=KICK_RETURNS&conference=null&d-447263-p=1,2013,PRE,KICK_RETURNS
http://www.nfl.com/stats/categorystats?tabSeq=0&season=2013&seasonType=PRE&d-447263-n=2&d-447263-o=2&statisticCategory=PUNTING&conference=null&d-447263-p=1,2013,PRE,PUNTING
http://www.nfl.com/stats/categorystats?tabSeq=0&season=2013&seasonType=PRE&d-447263-n=2&d-447263-o=2&statisticCategory=SACKS&conference=null&d-447263-p=1,2013,PRE,SACKS
http://www.nfl.com/stats/categorystats?tabSeq=0&season=2013&seasonType=PRE&d-447263-n=2&d-447263-o=2&statisticCategory=TACKLES&conference=null&d-447263-p=1,2013,PRE,TACKLES
http://www.nfl.com/stats/categorystats?tabSeq=0&season=2012&seasonType=REG&d-447263-n=2&d-447263-o=2&statisticCategory=PASSING&conference=null&d-447263-p=1,2012,REG,PASSING
http://www.nfl.com/stats/categorystats?tabSeq=0&season=2012&seasonType=REG&d-447263-n=2&d-447263-o=2&statisticCategory=RUSHING&conference=null&d-447263-p=1,2012,REG,RUSHING
http://www.nfl.com/stats/categorystats?tabSeq=0&season=2012&seasonType=REG&d-447263-n=2&d-447263-o=2&statisticCategory=RECEIVING&conference=null&d-447263-p=1,2012,REG,RECEIVING
http://www.nfl.com/stats/categorystats?tabSeq=0&season=2012&seasonType=REG&d-447263-n=2&d-447263-o=2&statisticCategory=KICKING&conference=null&d-447263-p=1,2012,REG,KICKING
http://www.nfl.com/stats/categorystats?tabSeq=0&season=2012&seasonType=REG&d-447263-n=2&d-447263-o=2&statisticCategory=FIELD_GOALS&conference=null&d-447263-p=1,2012,REG,FIELD_GOALS
http://www.nfl.com/stats/categorystats?tabSeq=0&season=2012&seasonType=REG&d-447263-n=2&d-447263-o=2&statisticCategory=KICK_RETURNS&conference=null&d-447263-p=1,2012,REG,KICK_RETURNS
http://www.nfl.com/stats/categorystats?tabSeq=0&season=2012&seasonType=REG&d-447263-n=2&d-447263-o=2&statisticCategory=PUNTING&conference=null&d-447263-p=1,2012,REG,PUNTING
http://www.nfl.com/stats/categorystats?tabSeq=0&season=2012&seasonType=REG&d-447263-n=2&d-447263-o=2&statisticCategory=SACKS&conference=null&d-447263-p=1,2012,REG,SACKS
http://www.nfl.com/stats/categorystats?tabSeq=0&season=2012&seasonType=REG&d-447263-n=2&d-447263-o=2&statisticCategory=TACKLES&conference=null&d-447263-p=1,2012,REG,TACKLES
http://www.nfl.com/stats/categorystats?tabSeq=0&season=2012&seasonType=POST&d-447263-n=2&d-447263-o=2&statisticCategory=PASSING&conference=null&d-447263-p=1,2012,POST,PASSING
http://www.nfl.com/stats/categorystats?tabSeq=0&season=2012&seasonType=POST&d-447263-n=2&d-447263-o=2&statisticCategory=RUSHING&conference=null&d-447263-p=1,2012,POST,RUSHING
http://www.nfl.com/stats/categorystats?tabSeq=0&season=2012&seasonType=POST&d-447263-n=2&d-447263-o=2&statisticCategory=RECEIVING&conference=null&d-447263-p=1,2012,POST,RECEIVING
http://www.nfl.com/stats/categorystats?tabSeq=0&season=2012&seasonType=POST&d-447263-n=2&d-447263-o=2&statisticCategory=KICKING&conference=null&d-447263-p=1,2012,POST,KICKING
http://www.nfl.com/stats/categorystats?tabSeq=0&season=2012&seasonType=POST&d-447263-n=2&d-447263-o=2&statisticCategory=FIELD_GOALS&conference=null&d-447263-p=1,2012,POST,FIELD_GOALS
http://www.nfl.com/stats/categorystats?tabSeq=0&season=2012&seasonType=POST&d-447263-n=2&d-447263-o=2&statisticCategory=KICK_RETURNS&conference=null&d-447263-p=1,2012,POST,KICK_RETURNS
http://www.nfl.com/stats/categorystats?tabSeq=0&season=2012&seasonType=POST&d-447263-n=2&d-447263-o=2&statisticCategory=PUNTING&conference=null&d-447263-p=1,2012,POST,PUNTING
http://www.nfl.com/stats/categorystats?tabSeq=0&season=2012&seasonType=POST&d-447263-n=2&d-447263-o=2&statisticCategory=SACKS&conference=null&d-447263-p=1,2012,POST,SACKS
http://www.nfl.com/stats/categorystats?tabSeq=0&season=2012&seasonType=POST&d-447263-n=2&d-447263-o=2&statisticCategory=TACKLES&conference=null&d-447263-p=1,2012,POST,TACKLES
http://www.nfl.com/stats/categorystats?tabSeq=0&season=2012&seasonType=PRE&d-447263-n=2&d-447263-o=2&statisticCategory=PASSING&conference=null&d-447263-p=1,2012,PRE,PASSING
http://www.nfl.com/stats/categorystats?tabSeq=0&season=2012&seasonType=PRE&d-447263-n=2&d-447263-o=2&statisticCategory=RUSHING&conference=null&d-447263-p=1,2012,PRE,RUSHING
http://www.nfl.com/stats/categorystats?tabSeq=0&season=2012&seasonType=PRE&d-447263-n=2&d-447263-o=2&statisticCategory=RECEIVING&conference=null&d-447263-p=1,2012,PRE,RECEIVING
http://www.nfl.com/stats/categorystats?tabSeq=0&season=2012&seasonType=PRE&d-447263-n=2&d-447263-o=2&statisticCategory=KICKING&conference=null&d-447263-p=1,2012,PRE,KICKING
http://www.nfl.com/stats/categorystats?tabSeq=0&season=2012&seasonType=PRE&d-447263-n=2&d-447263-o=2&statisticCategory=FIELD_GOALS&conference=null&d-447263-p=1,2012,PRE,FIELD_GOALS
http://www.nfl.com/stats/categorystats?tabSeq=0&season=2012&seasonType=PRE&d-447263-n=2&d-447263-o=2&statisticCategory=KICK_RETURNS&conference=null&d-447263-p=1,2012,PRE,KICK_RETURNS
http://www.nfl.com/stats/categorystats?tabSeq=0&season=2012&seasonType=PRE&d-447263-n=2&d-447263-o=2&statisticCategory=PUNTING&conference=null&d-447263-p=1,2012,PRE,PUNTING
http://www.nfl.com/stats/categorystats?tabSeq=0&season=2012&seasonType=PRE&d-447263-n=2&d-447263-o=2&statisticCategory=SACKS&conference=null&d-447263-p=1,2012,PRE,SACKS
http://www.nfl.com/stats/categorystats?tabSeq=0&season=2012&seasonType=PRE&d-447263-n=2&d-447263-o=2&statisticCategory=TACKLES&conference=null&d-447263-p=1,2012,PRE,TACKLES
http://www.nfl.com/stats/categorystats?tabSeq=0&season=2011&seasonType=REG&d-447263-n=2&d-447263-o=2&statisticCategory=PASSING&conference=null&d-447263-p=1,2011,REG,PASSING
http://www.nfl.com/stats/categorystats?tabSeq=0&season=2011&seasonType=REG&d-447263-n=2&d-447263-o=2&statisticCategory=RUSHING&conference=null&d-447263-p=1,2011,REG,RUSHING
http://www.nfl.com/stats/categorystats?tabSeq=0&season=2011&seasonType=REG&d-447263-n=2&d-447263-o=2&statisticCategory=RECEIVING&conference=null&d-447263-p=1,2011,REG,RECEIVING
http://www.nfl.com/stats/categorystats?tabSeq=0&season=2011&seasonType=REG&d-447263-n=2&d-447263-o=2&statisticCategory=KICKING&conference=null&d-447263-p=1,2011,REG,KICKING
http://www.nfl.com/stats/categorystats?tabSeq=0&season=2011&seasonType=REG&d-447263-n=2&d-447263-o=2&statisticCategory=FIELD_GOALS&conference=null&d-447263-p=1,2011,REG,FIELD_GOALS
http://www.nfl.com/stats/categorystats?tabSeq=0&season=2011&seasonType=REG&d-447263-n=2&d-447263-o=2&statisticCategory=KICK_RETURNS&conference=null&d-447263-p=1,2011,REG,KICK_RETURNS
http://www.nfl.com/stats/categorystats?tabSeq=0&season=2011&seasonType=REG&d-447263-n=2&d-447263-o=2&statisticCategory=PUNTING&conference=null&d-447263-p=1,2011,REG,PUNTING
http://www.nfl.com/stats/categorystats?tabSeq=0&season=2011&seasonType=REG&d-447263-n=2&d-447263-o=2&statisticCategory=SACKS&conference=null&d-447263-p=1,2011,REG,SACKS
http://www.nfl.com/stats/categorystats?tabSeq=0&season=2011&seasonType=REG&d-447263-n=2&d-447263-o=2&statisticCategory=TACKLES&conference=null&d-447263-p=1,2011,REG,TACKLES
http://www.nfl.com/stats/categorystats?tabSeq=0&season=2011&seasonType=POST&d-447263-n=2&d-447263-o=2&statisticCategory=PASSING&conference=null&d-447263-p=1,2011,POST,PASSING
http://www.nfl.com/stats/categorystats?tabSeq=0&season=2011&seasonType=POST&d-447263-n=2&d-447263-o=2&statisticCategory=RUSHING&conference=null&d-447263-p=1,2011,POST,RUSHING
http://www.nfl.com/stats/categorystats?tabSeq=0&season=2011&seasonType=POST&d-447263-n=2&d-447263-o=2&statisticCategory=RECEIVING&conference=null&d-447263-p=1,2011,POST,RECEIVING
http://www.nfl.com/stats/categorystats?tabSeq=0&season=2011&seasonType=POST&d-447263-n=2&d-447263-o=2&statisticCategory=KICKING&conference=null&d-447263-p=1,2011,POST,KICKING
http://www.nfl.com/stats/categorystats?tabSeq=0&season=2011&seasonType=POST&d-447263-n=2&d-447263-o=2&statisticCategory=FIELD_GOALS&conference=null&d-447263-p=1,2011,POST,FIELD_GOALS
http://www.nfl.com/stats/categorystats?tabSeq=0&season=2011&seasonType=POST&d-447263-n=2&d-447263-o=2&statisticCategory=KICK_RETURNS&conference=null&d-447263-p=1,2011,POST,KICK_RETURNS
http://www.nfl.com/stats/categorystats?tabSeq=0&season=2011&seasonType=POST&d-447263-n=2&d-447263-o=2&statisticCategory=PUNTING&conference=null&d-447263-p=1,2011,POST,PUNTING
http://www.nfl.com/stats/categorystats?tabSeq=0&season=2011&seasonType=POST&d-447263-n=2&d-447263-o=2&statisticCategory=SACKS&conference=null&d-447263-p=1,2011,POST,SACKS
http://www.nfl.com/stats/categorystats?tabSeq=0&season=2011&seasonType=POST&d-447263-n=2&d-447263-o=2&statisticCategory=TACKLES&conference=null&d-447263-p=1,2011,POST,TACKLES
http://www.nfl.com/stats/categorystats?tabSeq=0&season=2011&seasonType=PRE&d-447263-n=2&d-447263-o=2&statisticCategory=PASSING&conference=null&d-447263-p=1,2011,PRE,PASSING
http://www.nfl.com/stats/categorystats?tabSeq=0&season=2011&seasonType=PRE&d-447263-n=2&d-447263-o=2&statisticCategory=RUSHING&conference=null&d-447263-p=1,2011,PRE,RUSHING
http://www.nfl.com/stats/categorystats?tabSeq=0&season=2011&seasonType=PRE&d-447263-n=2&d-447263-o=2&statisticCategory=RECEIVING&conference=null&d-447263-p=1,2011,PRE,RECEIVING
http://www.nfl.com/stats/categorystats?tabSeq=0&season=2011&seasonType=PRE&d-447263-n=2&d-447263-o=2&statisticCategory=KICKING&conference=null&d-447263-p=1,2011,PRE,KICKING
http://www.nfl.com/stats/categorystats?tabSeq=0&season=2011&seasonType=PRE&d-447263-n=2&d-447263-o=2&statisticCategory=FIELD_GOALS&conference=null&d-447263-p=1,2011,PRE,FIELD_GOALS
http://www.nfl.com/stats/categorystats?tabSeq=0&season=2011&seasonType=PRE&d-447263-n=2&d-447263-o=2&statisticCategory=KICK_RETURNS&conference=null&d-447263-p=1,2011,PRE,KICK_RETURNS
http://www.nfl.com/stats/categorystats?tabSeq=0&season=2011&seasonType=PRE&d-447263-n=2&d-447263-o=2&statisticCategory=PUNTING&conference=null&d-447263-p=1,2011,PRE,PUNTING
http://www.nfl.com/stats/categorystats?tabSeq=0&season=2011&seasonType=PRE&d-447263-n=2&d-447263-o=2&statisticCategory=SACKS&conference=null&d-447263-p=1,2011,PRE,SACKS
http://www.nfl.com/stats/categorystats?tabSeq=0&season=2011&seasonType=PRE&d-447263-n=2&d-447263-o=2&statisticCategory=TACKLES&conference=null&d-447263-p=1,2011,PRE,TACKLES
http://www.nfl.com/stats/categorystats?tabSeq=0&season=2010&seasonType=REG&d-447263-n=2&d-447263-o=2&statisticCategory=PASSING&conference=null&d-447263-p=1,2010,REG,PASSING
http://www.nfl.com/stats/categorystats?tabSeq=0&season=2010&seasonType=REG&d-447263-n=2&d-447263-o=2&statisticCategory=RUSHING&conference=null&d-447263-p=1,2010,REG,RUSHING
http://www.nfl.com/stats/categorystats?tabSeq=0&season=2010&seasonType=REG&d-447263-n=2&d-447263-o=2&statisticCategory=RECEIVING&conference=null&d-447263-p=1,2010,REG,RECEIVING
http://www.nfl.com/stats/categorystats?tabSeq=0&season=2010&seasonType=REG&d-447263-n=2&d-447263-o=2&statisticCategory=KICKING&conference=null&d-447263-p=1,2010,REG,KICKING
http://www.nfl.com/stats/categorystats?tabSeq=0&season=2010&seasonType=REG&d-447263-n=2&d-447263-o=2&statisticCategory=FIELD_GOALS&conference=null&d-447263-p=1,2010,REG,FIELD_GOALS
http://www.nfl.com/stats/categorystats?tabSeq=0&season=2010&seasonType=REG&d-447263-n=2&d-447263-o=2&statisticCategory=KICK_RETURNS&conference=null&d-447263-p=1,2010,REG,KICK_RETURNS
http://www.nfl.com/stats/categorystats?tabSeq=0&season=2010&seasonType=REG&d-447263-n=2&d-447263-o=2&statisticCategory=PUNTING&conference=null&d-447263-p=1,2010,REG,PUNTING
http://www.nfl.com/stats/categorystats?tabSeq=0&season=2010&seasonType=REG&d-447263-n=2&d-447263-o=2&statisticCategory=SACKS&conference=null&d-447263-p=1,2010,REG,SACKS
http://www.nfl.com/stats/categorystats?tabSeq=0&season=2010&seasonType=REG&d-447263-n=2&d-447263-o=2&statisticCategory=TACKLES&conference=null&d-447263-p=1,2010,REG,TACKLES
http://www.nfl.com/stats/categorystats?tabSeq=0&season=2010&seasonType=POST&d-447263-n=2&d-447263-o=2&statisticCategory=PASSING&conference=null&d-447263-p=1,2010,POST,PASSING
http://www.nfl.com/stats/categorystats?tabSeq=0&season=2010&seasonType=POST&d-447263-n=2&d-447263-o=2&statisticCategory=RUSHING&conference=null&d-447263-p=1,2010,POST,RUSHING
http://www.nfl.com/stats/categorystats?tabSeq=0&season=2010&seasonType=POST&d-447263-n=2&d-447263-o=2&statisticCategory=RECEIVING&conference=null&d-447263-p=1,2010,POST,RECEIVING
http://www.nfl.com/stats/categorystats?tabSeq=0&season=2010&seasonType=POST&d-447263-n=2&d-447263-o=2&statisticCategory=KICKING&conference=null&d-447263-p=1,2010,POST,KICKING
http://www.nfl.com/stats/categorystats?tabSeq=0&season=2010&seasonType=POST&d-447263-n=2&d-447263-o=2&statisticCategory=FIELD_GOALS&conference=null&d-447263-p=1,2010,POST,FIELD_GOALS
http://www.nfl.com/stats/categorystats?tabSeq=0&season=2010&seasonType=POST&d-447263-n=2&d-447263-o=2&statisticCategory=KICK_RETURNS&conference=null&d-447263-p=1,2010,POST,KICK_RETURNS
http://www.nfl.com/stats/categorystats?tabSeq=0&season=2010&seasonType=POST&d-447263-n=2&d-447263-o=2&statisticCategory=PUNTING&conference=null&d-447263-p=1,2010,POST,PUNTING
http://www.nfl.com/stats/categorystats?tabSeq=0&season=2010&seasonType=POST&d-447263-n=2&d-447263-o=2&statisticCategory=SACKS&conference=null&d-447263-p=1,2010,POST,SACKS
http://www.nfl.com/stats/categorystats?tabSeq=0&season=2010&seasonType=POST&d-447263-n=2&d-447263-o=2&statisticCategory=TACKLES&conference=null&d-447263-p=1,2010,POST,TACKLES
http://www.nfl.com/stats/categorystats?tabSeq=0&season=2010&seasonType=PRE&d-447263-n=2&d-447263-o=2&statisticCategory=PASSING&conference=null&d-447263-p=1,2010,PRE,PASSING
http://www.nfl.com/stats/categorystats?tabSeq=0&season=2010&seasonType=PRE&d-447263-n=2&d-447263-o=2&statisticCategory=RUSHING&conference=null&d-447263-p=1,2010,PRE,RUSHING
http://www.nfl.com/stats/categorystats?tabSeq=0&season=2010&seasonType=PRE&d-447263-n=2&d-447263-o=2&statisticCategory=RECEIVING&conference=null&d-447263-p=1,2010,PRE,RECEIVING
http://www.nfl.com/stats/categorystats?tabSeq=0&season=2010&seasonType=PRE&d-447263-n=2&d-447263-o=2&statisticCategory=KICKING&conference=null&d-447263-p=1,2010,PRE,KICKING
http://www.nfl.com/stats/categorystats?tabSeq=0&season=2010&seasonType=PRE&d-447263-n=2&d-447263-o=2&statisticCategory=FIELD_GOALS&conference=null&d-447263-p=1,2010,PRE,FIELD_GOALS
http://www.nfl.com/stats/categorystats?tabSeq=0&season=2010&seasonType=PRE&d-447263-n=2&d-447263-o=2&statisticCategory=KICK_RETURNS&conference=null&d-447263-p=1,2010,PRE,KICK_RETURNS
http://www.nfl.com/stats/categorystats?tabSeq=0&season=2010&seasonType=PRE&d-447263-n=2&d-447263-o=2&statisticCategory=PUNTING&conference=null&d-447263-p=1,2010,PRE,PUNTING
http://www.nfl.com/stats/categorystats?tabSeq=0&season=2010&seasonType=PRE&d-447263-n=2&d-447263-o=2&statisticCategory=SACKS&conference=null&d-447263-p=1,2010,PRE,SACKS
http://www.nfl.com/stats/categorystats?tabSeq=0&season=2010&seasonType=PRE&d-447263-n=2&d-447263-o=2&statisticCategory=TACKLES&conference=null&d-447263-p=1,2010,PRE,TACKLES
http://www.nfl.com/stats/categorystats?tabSeq=0&season=2009&seasonType=REG&d-447263-n=2&d-447263-o=2&statisticCategory=PASSING&conference=null&d-447263-p=1,2009,REG,PASSING
http://www.nfl.com/stats/categorystats?tabSeq=0&season=2009&seasonType=REG&d-447263-n=2&d-447263-o=2&statisticCategory=RUSHING&conference=null&d-447263-p=1,2009,REG,RUSHING
http://www.nfl.com/stats/categorystats?tabSeq=0&season=2009&seasonType=REG&d-447263-n=2&d-447263-o=2&statisticCategory=RECEIVING&conference=null&d-447263-p=1,2009,REG,RECEIVING
http://www.nfl.com/stats/categorystats?tabSeq=0&season=2009&seasonType=REG&d-447263-n=2&d-447263-o=2&statisticCategory=KICKING&conference=null&d-447263-p=1,2009,REG,KICKING
http://www.nfl.com/stats/categorystats?tabSeq=0&season=2009&seasonType=REG&d-447263-n=2&d-447263-o=2&statisticCategory=FIELD_GOALS&conference=null&d-447263-p=1,2009,REG,FIELD_GOALS
http://www.nfl.com/stats/categorystats?tabSeq=0&season=2009&seasonType=REG&d-447263-n=2&d-447263-o=2&statisticCategory=KICK_RETURNS&conference=null&d-447263-p=1,2009,REG,KICK_RETURNS
http://www.nfl.com/stats/categorystats?tabSeq=0&season=2009&seasonType=REG&d-447263-n=2&d-447263-o=2&statisticCategory=PUNTING&conference=null&d-447263-p=1,2009,REG,PUNTING
http://www.nfl.com/stats/categorystats?tabSeq=0&season=2009&seasonType=REG&d-447263-n=2&d-447263-o=2&statisticCategory=SACKS&conference=null&d-447263-p=1,2009,REG,SACKS
http://www.nfl.com/stats/categorystats?tabSeq=0&season=2009&seasonType=REG&d-447263-n=2&d-447263-o=2&statisticCategory=TACKLES&conference=null&d-447263-p=1,2009,REG,TACKLES
http://www.nfl.com/stats/categorystats?tabSeq=0&season=2009&seasonType=POST&d-447263-n=2&d-447263-o=2&statisticCategory=PASSING&conference=null&d-447263-p=1,2009,POST,PASSING
http://www.nfl.com/stats/categorystats?tabSeq=0&season=2009&seasonType=POST&d-447263-n=2&d-447263-o=2&statisticCategory=RUSHING&conference=null&d-447263-p=1,2009,POST,RUSHING
http://www.nfl.com/stats/categorystats?tabSeq=0&season=2009&seasonType=POST&d-447263-n=2&d-447263-o=2&statisticCategory=RECEIVING&conference=null&d-447263-p=1,2009,POST,RECEIVING
http://www.nfl.com/stats/categorystats?tabSeq=0&season=2009&seasonType=POST&d-447263-n=2&d-447263-o=2&statisticCategory=KICKING&conference=null&d-447263-p=1,2009,POST,KICKING
http://www.nfl.com/stats/categorystats?tabSeq=0&season=2009&seasonType=POST&d-447263-n=2&d-447263-o=2&statisticCategory=FIELD_GOALS&conference=null&d-447263-p=1,2009,POST,FIELD_GOALS
http://www.nfl.com/stats/categorystats?tabSeq=0&season=2009&seasonType=POST&d-447263-n=2&d-447263-o=2&statisticCategory=KICK_RETURNS&conference=null&d-447263-p=1,2009,POST,KICK_RETURNS
http://www.nfl.com/stats/categorystats?tabSeq=0&season=2009&seasonType=POST&d-447263-n=2&d-447263-o=2&statisticCategory=PUNTING&conference=null&d-447263-p=1,2009,POST,PUNTING
http://www.nfl.com/stats/categorystats?tabSeq=0&season=2009&seasonType=POST&d-447263-n=2&d-447263-o=2&statisticCategory=SACKS&conference=null&d-447263-p=1,2009,POST,SACKS
http://www.nfl.com/stats/categorystats?tabSeq=0&season=2009&seasonType=POST&d-447263-n=2&d-447263-o=2&statisticCategory=TACKLES&conference=null&d-447263-p=1,2009,POST,TACKLES
http://www.nfl.com/stats/categorystats?tabSeq=0&season=2009&seasonType=PRE&d-447263-n=2&d-447263-o=2&statisticCategory=PASSING&conference=null&d-447263-p=1,2009,PRE,PASSING
http://www.nfl.com/stats/categorystats?tabSeq=0&season=2009&seasonType=PRE&d-447263-n=2&d-447263-o=2&statisticCategory=RUSHING&conference=null&d-447263-p=1,2009,PRE,RUSHING
http://www.nfl.com/stats/categorystats?tabSeq=0&season=2009&seasonType=PRE&d-447263-n=2&d-447263-o=2&statisticCategory=RECEIVING&conference=null&d-447263-p=1,2009,PRE,RECEIVING
http://www.nfl.com/stats/categorystats?tabSeq=0&season=2009&seasonType=PRE&d-447263-n=2&d-447263-o=2&statisticCategory=KICKING&conference=null&d-447263-p=1,2009,PRE,KICKING
http://www.nfl.com/stats/categorystats?tabSeq=0&season=2009&seasonType=PRE&d-447263-n=2&d-447263-o=2&statisticCategory=FIELD_GOALS&conference=null&d-447263-p=1,2009,PRE,FIELD_GOALS
http://www.nfl.com/stats/categorystats?tabSeq=0&season=2009&seasonType=PRE&d-447263-n=2&d-447263-o=2&statisticCategory=KICK_RETURNS&conference=null&d-447263-p=1,2009,PRE,KICK_RETURNS
http://www.nfl.com/stats/categorystats?tabSeq=0&season=2009&seasonType=PRE&d-447263-n=2&d-447263-o=2&statisticCategory=PUNTING&conference=null&d-447263-p=1,2009,PRE,PUNTING
http://www.nfl.com/stats/categorystats?tabSeq=0&season=2009&seasonType=PRE&d-447263-n=2&d-447263-o=2&statisticCategory=SACKS&conference=null&d-447263-p=1,2009,PRE,SACKS
http://www.nfl.com/stats/categorystats?tabSeq=0&season=2009&seasonType=PRE&d-447263-n=2&d-447263-o=2&statisticCategory=TACKLES&conference=null&d-447263-p=1,2009,PRE,TACKLES
http://www.nfl.com/stats/categorystats?tabSeq=0&season=2008&seasonType=REG&d-447263-n=2&d-447263-o=2&statisticCategory=PASSING&conference=null&d-447263-p=1,2008,REG,PASSING
http://www.nfl.com/stats/categorystats?tabSeq=0&season=2008&seasonType=REG&d-447263-n=2&d-447263-o=2&statisticCategory=RUSHING&conference=null&d-447263-p=1,2008,REG,RUSHING
http://www.nfl.com/stats/categorystats?tabSeq=0&season=2008&seasonType=REG&d-447263-n=2&d-447263-o=2&statisticCategory=RECEIVING&conference=null&d-447263-p=1,2008,REG,RECEIVING
http://www.nfl.com/stats/categorystats?tabSeq=0&season=2008&seasonType=REG&d-447263-n=2&d-447263-o=2&statisticCategory=KICKING&conference=null&d-447263-p=1,2008,REG,KICKING
http://www.nfl.com/stats/categorystats?tabSeq=0&season=2008&seasonType=REG&d-447263-n=2&d-447263-o=2&statisticCategory=FIELD_GOALS&conference=null&d-447263-p=1,2008,REG,FIELD_GOALS
http://www.nfl.com/stats/categorystats?tabSeq=0&season=2008&seasonType=REG&d-447263-n=2&d-447263-o=2&statisticCategory=KICK_RETURNS&conference=null&d-447263-p=1,2008,REG,KICK_RETURNS
http://www.nfl.com/stats/categorystats?tabSeq=0&season=2008&seasonType=REG&d-447263-n=2&d-447263-o=2&statisticCategory=PUNTING&conference=null&d-447263-p=1,2008,REG,PUNTING
http://www.nfl.com/stats/categorystats?tabSeq=0&season=2008&seasonType=REG&d-447263-n=2&d-447263-o=2&statisticCategory=SACKS&conference=null&d-447263-p=1,2008,REG,SACKS
http://www.nfl.com/stats/categorystats?tabSeq=0&season=2008&seasonType=REG&d-447263-n=2&d-447263-o=2&statisticCategory=TACKLES&conference=null&d-447263-p=1,2008,REG,TACKLES
http://www.nfl.com/stats/categorystats?tabSeq=0&season=2008&seasonType=POST&d-447263-n=2&d-447263-o=2&statisticCategory=PASSING&conference=null&d-447263-p=1,2008,POST,PASSING
http://www.nfl.com/stats/categorystats?tabSeq=0&season=2008&seasonType=POST&d-447263-n=2&d-447263-o=2&statisticCategory=RUSHING&conference=null&d-447263-p=1,2008,POST,RUSHING
http://www.nfl.com/stats/categorystats?tabSeq=0&season=2008&seasonType=POST&d-447263-n=2&d-447263-o=2&statisticCategory=RECEIVING&conference=null&d-447263-p=1,2008,POST,RECEIVING
http://www.nfl.com/stats/categorystats?tabSeq=0&season=2008&seasonType=POST&d-447263-n=2&d-447263-o=2&statisticCategory=KICKING&conference=null&d-447263-p=1,2008,POST,KICKING
http://www.nfl.com/stats/categorystats?tabSeq=0&season=2008&seasonType=POST&d-447263-n=2&d-447263-o=2&statisticCategory=FIELD_GOALS&conference=null&d-447263-p=1,2008,POST,FIELD_GOALS
http://www.nfl.com/stats/categorystats?tabSeq=0&season=2008&seasonType=POST&d-447263-n=2&d-447263-o=2&statisticCategory=KICK_RETURNS&conference=null&d-447263-p=1,2008,POST,KICK_RETURNS
http://www.nfl.com/stats/categorystats?tabSeq=0&season=2008&seasonType=POST&d-447263-n=2&d-447263-o=2&statisticCategory=PUNTING&conference=null&d-447263-p=1,2008,POST,PUNTING
http://www.nfl.com/stats/categorystats?tabSeq=0&season=2008&seasonType=POST&d-447263-n=2&d-447263-o=2&statisticCategory=SACKS&conference=null&d-447263-p=1,2008,POST,SACKS
http://www.nfl.com/stats/categorystats?tabSeq=0&season=2008&seasonType=POST&d-447263-n=2&d-447263-o=2&statisticCategory=TACKLES&conference=null&d-447263-p=1,2008,POST,TACKLES
http://www.nfl.com/stats/categorystats?tabSeq=0&season=2008&seasonType=PRE&d-447263-n=2&d-447263-o=2&statisticCategory=PASSING&conference=null&d-447263-p=1,2008,PRE,PASSING
http://www.nfl.com/stats/categorystats?tabSeq=0&season=2008&seasonType=PRE&d-447263-n=2&d-447263-o=2&statisticCategory=RUSHING&conference=null&d-447263-p=1,2008,PRE,RUSHING
http://www.nfl.com/stats/categorystats?tabSeq=0&season=2008&seasonType=PRE&d-447263-n=2&d-447263-o=2&statisticCategory=RECEIVING&conference=null&d-447263-p=1,2008,PRE,RECEIVING
http://www.nfl.com/stats/categorystats?tabSeq=0&season=2008&seasonType=PRE&d-447263-n=2&d-447263-o=2&statisticCategory=KICKING&conference=null&d-447263-p=1,2008,PRE,KICKING
http://www.nfl.com/stats/categorystats?tabSeq=0&season=2008&seasonType=PRE&d-447263-n=2&d-447263-o=2&statisticCategory=FIELD_GOALS&conference=null&d-447263-p=1,2008,PRE,FIELD_GOALS
http://www.nfl.com/stats/categorystats?tabSeq=0&season=2008&seasonType=PRE&d-447263-n=2&d-447263-o=2&statisticCategory=KICK_RETURNS&conference=null&d-447263-p=1,2008,PRE,KICK_RETURNS
http://www.nfl.com/stats/categorystats?tabSeq=0&season=2008&seasonType=PRE&d-447263-n=2&d-447263-o=2&statisticCategory=PUNTING&conference=null&d-447263-p=1,2008,PRE,PUNTING
http://www.nfl.com/stats/categorystats?tabSeq=0&season=2008&seasonType=PRE&d-447263-n=2&d-447263-o=2&statisticCategory=SACKS&conference=null&d-447263-p=1,2008,PRE,SACKS
http://www.nfl.com/stats/categorystats?tabSeq=0&season=2008&seasonType=PRE&d-447263-n=2&d-447263-o=2&statisticCategory=TACKLES&conference=null&d-447263-p=1,2008,PRE,TACKLES
http://www.nfl.com/stats/categorystats?tabSeq=0&season=2007&seasonType=REG&d-447263-n=2&d-447263-o=2&statisticCategory=PASSING&conference=null&d-447263-p=1,2007,REG,PASSING
http://www.nfl.com/stats/categorystats?tabSeq=0&season=2007&seasonType=REG&d-447263-n=2&d-447263-o=2&statisticCategory=RUSHING&conference=null&d-447263-p=1,2007,REG,RUSHING
http://www.nfl.com/stats/categorystats?tabSeq=0&season=2007&seasonType=REG&d-447263-n=2&d-447263-o=2&statisticCategory=RECEIVING&conference=null&d-447263-p=1,2007,REG,RECEIVING
http://www.nfl.com/stats/categorystats?tabSeq=0&season=2007&seasonType=REG&d-447263-n=2&d-447263-o=2&statisticCategory=KICKING&conference=null&d-447263-p=1,2007,REG,KICKING
http://www.nfl.com/stats/categorystats?tabSeq=0&season=2007&seasonType=REG&d-447263-n=2&d-447263-o=2&statisticCategory=FIELD_GOALS&conference=null&d-447263-p=1,2007,REG,FIELD_GOALS
http://www.nfl.com/stats/categorystats?tabSeq=0&season=2007&seasonType=REG&d-447263-n=2&d-447263-o=2&statisticCategory=KICK_RETURNS&conference=null&d-447263-p=1,2007,REG,KICK_RETURNS
http://www.nfl.com/stats/categorystats?tabSeq=0&season=2007&seasonType=REG&d-447263-n=2&d-447263-o=2&statisticCategory=PUNTING&conference=null&d-447263-p=1,2007,REG,PUNTING
http://www.nfl.com/stats/categorystats?tabSeq=0&season=2007&seasonType=REG&d-447263-n=2&d-447263-o=2&statisticCategory=SACKS&conference=null&d-447263-p=1,2007,REG,SACKS
http://www.nfl.com/stats/categorystats?tabSeq=0&season=2007&seasonType=REG&d-447263-n=2&d-447263-o=2&statisticCategory=TACKLES&conference=null&d-447263-p=1,2007,REG,TACKLES
http://www.nfl.com/stats/categorystats?tabSeq=0&season=2007&seasonType=POST&d-447263-n=2&d-447263-o=2&statisticCategory=PASSING&conference=null&d-447263-p=1,2007,POST,PASSING
http://www.nfl.com/stats/categorystats?tabSeq=0&season=2007&seasonType=POST&d-447263-n=2&d-447263-o=2&statisticCategory=RUSHING&conference=null&d-447263-p=1,2007,POST,RUSHING
http://www.nfl.com/stats/categorystats?tabSeq=0&season=2007&seasonType=POST&d-447263-n=2&d-447263-o=2&statisticCategory=RECEIVING&conference=null&d-447263-p=1,2007,POST,RECEIVING
http://www.nfl.com/stats/categorystats?tabSeq=0&season=2007&seasonType=POST&d-447263-n=2&d-447263-o=2&statisticCategory=KICKING&conference=null&d-447263-p=1,2007,POST,KICKING
http://www.nfl.com/stats/categorystats?tabSeq=0&season=2007&seasonType=POST&d-447263-n=2&d-447263-o=2&statisticCategory=FIELD_GOALS&conference=null&d-447263-p=1,2007,POST,FIELD_GOALS
http://www.nfl.com/stats/categorystats?tabSeq=0&season=2007&seasonType=POST&d-447263-n=2&d-447263-o=2&statisticCategory=KICK_RETURNS&conference=null&d-447263-p=1,2007,POST,KICK_RETURNS
http://www.nfl.com/stats/categorystats?tabSeq=0&season=2007&seasonType=POST&d-447263-n=2&d-447263-o=2&statisticCategory=PUNTING&conference=null&d-447263-p=1,2007,POST,PUNTING
http://www.nfl.com/stats/categorystats?tabSeq=0&season=2007&seasonType=POST&d-447263-n=2&d-447263-o=2&statisticCategory=SACKS&conference=null&d-447263-p=1,2007,POST,SACKS
http://www.nfl.com/stats/categorystats?tabSeq=0&season=2007&seasonType=POST&d-447263-n=2&d-447263-o=2&statisticCategory=TACKLES&conference=null&d-447263-p=1,2007,POST,TACKLES
http://www.nfl.com/stats/categorystats?tabSeq=0&season=2007&seasonType=PRE&d-447263-n=2&d-447263-o=2&statisticCategory=PASSING&conference=null&d-447263-p=1,2007,PRE,PASSING
http://www.nfl.com/stats/categorystats?tabSeq=0&season=2007&seasonType=PRE&d-447263-n=2&d-447263-o=2&statisticCategory=RUSHING&conference=null&d-447263-p=1,2007,PRE,RUSHING
http://www.nfl.com/stats/categorystats?tabSeq=0&season=2007&seasonType=PRE&d-447263-n=2&d-447263-o=2&statisticCategory=RECEIVING&conference=null&d-447263-p=1,2007,PRE,RECEIVING
http://www.nfl.com/stats/categorystats?tabSeq=0&season=2007&seasonType=PRE&d-447263-n=2&d-447263-o=2&statisticCategory=KICKING&conference=null&d-447263-p=1,2007,PRE,KICKING
http://www.nfl.com/stats/categorystats?tabSeq=0&season=2007&seasonType=PRE&d-447263-n=2&d-447263-o=2&statisticCategory=FIELD_GOALS&conference=null&d-447263-p=1,2007,PRE,FIELD_GOALS
http://www.nfl.com/stats/categorystats?tabSeq=0&season=2007&seasonType=PRE&d-447263-n=2&d-447263-o=2&statisticCategory=KICK_RETURNS&conference=null&d-447263-p=1,2007,PRE,KICK_RETURNS
http://www.nfl.com/stats/categorystats?tabSeq=0&season=2007&seasonType=PRE&d-447263-n=2&d-447263-o=2&statisticCategory=PUNTING&conference=null&d-447263-p=1,2007,PRE,PUNTING
http://www.nfl.com/stats/categorystats?tabSeq=0&season=2007&seasonType=PRE&d-447263-n=2&d-447263-o=2&statisticCategory=SACKS&conference=null&d-447263-p=1,2007,PRE,SACKS
http://www.nfl.com/stats/categorystats?tabSeq=0&season=2007&seasonType=PRE&d-447263-n=2&d-447263-o=2&statisticCategory=TACKLES&conference=null&d-447263-p=1,2007,PRE,TACKLES
http://www.nfl.com/stats/categorystats?tabSeq=0&season=2006&seasonType=REG&d-447263-n=2&d-447263-o=2&statisticCategory=PASSING&conference=null&d-447263-p=1,2006,REG,PASSING
http://www.nfl.com/stats/categorystats?tabSeq=0&season=2006&seasonType=REG&d-447263-n=2&d-447263-o=2&statisticCategory=RUSHING&conference=null&d-447263-p=1,2006,REG,RUSHING
http://www.nfl.com/stats/categorystats?tabSeq=0&season=2006&seasonType=REG&d-447263-n=2&d-447263-o=2&statisticCategory=RECEIVING&conference=null&d-447263-p=1,2006,REG,RECEIVING
http://www.nfl.com/stats/categorystats?tabSeq=0&season=2006&seasonType=REG&d-447263-n=2&d-447263-o=2&statisticCategory=KICKING&conference=null&d-447263-p=1,2006,REG,KICKING
http://www.nfl.com/stats/categorystats?tabSeq=0&season=2006&seasonType=REG&d-447263-n=2&d-447263-o=2&statisticCategory=FIELD_GOALS&conference=null&d-447263-p=1,2006,REG,FIELD_GOALS
http://www.nfl.com/stats/categorystats?tabSeq=0&season=2006&seasonType=REG&d-447263-n=2&d-447263-o=2&statisticCategory=KICK_RETURNS&conference=null&d-447263-p=1,2006,REG,KICK_RETURNS
http://www.nfl.com/stats/categorystats?tabSeq=0&season=2006&seasonType=REG&d-447263-n=2&d-447263-o=2&statisticCategory=PUNTING&conference=null&d-447263-p=1,2006,REG,PUNTING
http://www.nfl.com/stats/categorystats?tabSeq=0&season=2006&seasonType=REG&d-447263-n=2&d-447263-o=2&statisticCategory=SACKS&conference=null&d-447263-p=1,2006,REG,SACKS
http://www.nfl.com/stats/categorystats?tabSeq=0&season=2006&seasonType=REG&d-447263-n=2&d-447263-o=2&statisticCategory=TACKLES&conference=null&d-447263-p=1,2006,REG,TACKLES
http://www.nfl.com/stats/categorystats?tabSeq=0&season=2006&seasonType=POST&d-447263-n=2&d-447263-o=2&statisticCategory=PASSING&conference=null&d-447263-p=1,2006,POST,PASSING
http://www.nfl.com/stats/categorystats?tabSeq=0&season=2006&seasonType=POST&d-447263-n=2&d-447263-o=2&statisticCategory=RUSHING&conference=null&d-447263-p=1,2006,POST,RUSHING
http://www.nfl.com/stats/categorystats?tabSeq=0&season=2006&seasonType=POST&d-447263-n=2&d-447263-o=2&statisticCategory=RECEIVING&conference=null&d-447263-p=1,2006,POST,RECEIVING
http://www.nfl.com/stats/categorystats?tabSeq=0&season=2006&seasonType=POST&d-447263-n=2&d-447263-o=2&statisticCategory=KICKING&conference=null&d-447263-p=1,2006,POST,KICKING
http://www.nfl.com/stats/categorystats?tabSeq=0&season=2006&seasonType=POST&d-447263-n=2&d-447263-o=2&statisticCategory=FIELD_GOALS&conference=null&d-447263-p=1,2006,POST,FIELD_GOALS
http://www.nfl.com/stats/categorystats?tabSeq=0&season=2006&seasonType=POST&d-447263-n=2&d-447263-o=2&statisticCategory=KICK_RETURNS&conference=null&d-447263-p=1,2006,POST,KICK_RETURNS
http://www.nfl.com/stats/categorystats?tabSeq=0&season=2006&seasonType=POST&d-447263-n=2&d-447263-o=2&statisticCategory=PUNTING&conference=null&d-447263-p=1,2006,POST,PUNTING
http://www.nfl.com/stats/categorystats?tabSeq=0&season=2006&seasonType=POST&d-447263-n=2&d-447263-o=2&statisticCategory=SACKS&conference=null&d-447263-p=1,2006,POST,SACKS
http://www.nfl.com/stats/categorystats?tabSeq=0&season=2006&seasonType=POST&d-447263-n=2&d-447263-o=2&statisticCategory=TACKLES&conference=null&d-447263-p=1,2006,POST,TACKLES
http://www.nfl.com/stats/categorystats?tabSeq=0&season=2006&seasonType=PRE&d-447263-n=2&d-447263-o=2&statisticCategory=PASSING&conference=null&d-447263-p=1,2006,PRE,PASSING
http://www.nfl.com/stats/categorystats?tabSeq=0&season=2006&seasonType=PRE&d-447263-n=2&d-447263-o=2&statisticCategory=RUSHING&conference=null&d-447263-p=1,2006,PRE,RUSHING
http://www.nfl.com/stats/categorystats?tabSeq=0&season=2006&seasonType=PRE&d-447263-n=2&d-447263-o=2&statisticCategory=RECEIVING&conference=null&d-447263-p=1,2006,PRE,RECEIVING
http://www.nfl.com/stats/categorystats?tabSeq=0&season=2006&seasonType=PRE&d-447263-n=2&d-447263-o=2&statisticCategory=KICKING&conference=null&d-447263-p=1,2006,PRE,KICKING
http://www.nfl.com/stats/categorystats?tabSeq=0&season=2006&seasonType=PRE&d-447263-n=2&d-447263-o=2&statisticCategory=FIELD_GOALS&conference=null&d-447263-p=1,2006,PRE,FIELD_GOALS
http://www.nfl.com/stats/categorystats?tabSeq=0&season=2006&seasonType=PRE&d-447263-n=2&d-447263-o=2&statisticCategory=KICK_RETURNS&conference=null&d-447263-p=1,2006,PRE,KICK_RETURNS
http://www.nfl.com/stats/categorystats?tabSeq=0&season=2006&seasonType=PRE&d-447263-n=2&d-447263-o=2&statisticCategory=PUNTING&conference=null&d-447263-p=1,2006,PRE,PUNTING
http://www.nfl.com/stats/categorystats?tabSeq=0&season=2006&seasonType=PRE&d-447263-n=2&d-447263-o=2&statisticCategory=SACKS&conference=null&d-447263-p=1,2006,PRE,SACKS
http://www.nfl.com/stats/categorystats?tabSeq=0&season=2006&seasonType=PRE&d-447263-n=2&d-447263-o=2&statisticCategory=TACKLES&conference=null&d-447263-p=1,2006,PRE,TACKLES
http://www.nfl.com/stats/categorystats?tabSeq=0&season=2005&seasonType=REG&d-447263-n=2&d-447263-o=2&statisticCategory=PASSING&conference=null&d-447263-p=1,2005,REG,PASSING
http://www.nfl.com/stats/categorystats?tabSeq=0&season=2005&seasonType=REG&d-447263-n=2&d-447263-o=2&statisticCategory=RUSHING&conference=null&d-447263-p=1,2005,REG,RUSHING
http://www.nfl.com/stats/categorystats?tabSeq=0&season=2005&seasonType=REG&d-447263-n=2&d-447263-o=2&statisticCategory=RECEIVING&conference=null&d-447263-p=1,2005,REG,RECEIVING
http://www.nfl.com/stats/categorystats?tabSeq=0&season=2005&seasonType=REG&d-447263-n=2&d-447263-o=2&statisticCategory=KICKING&conference=null&d-447263-p=1,2005,REG,KICKING
http://www.nfl.com/stats/categorystats?tabSeq=0&season=2005&seasonType=REG&d-447263-n=2&d-447263-o=2&statisticCategory=FIELD_GOALS&conference=null&d-447263-p=1,2005,REG,FIELD_GOALS
http://www.nfl.com/stats/categorystats?tabSeq=0&season=2005&seasonType=REG&d-447263-n=2&d-447263-o=2&statisticCategory=KICK_RETURNS&conference=null&d-447263-p=1,2005,REG,KICK_RETURNS
http://www.nfl.com/stats/categorystats?tabSeq=0&season=2005&seasonType=REG&d-447263-n=2&d-447263-o=2&statisticCategory=PUNTING&conference=null&d-447263-p=1,2005,REG,PUNTING
http://www.nfl.com/stats/categorystats?tabSeq=0&season=2005&seasonType=REG&d-447263-n=2&d-447263-o=2&statisticCategory=SACKS&conference=null&d-447263-p=1,2005,REG,SACKS
http://www.nfl.com/stats/categorystats?tabSeq=0&season=2005&seasonType=REG&d-447263-n=2&d-447263-o=2&statisticCategory=TACKLES&conference=null&d-447263-p=1,2005,REG,TACKLES
http://www.nfl.com/stats/categorystats?tabSeq=0&season=2005&seasonType=POST&d-447263-n=2&d-447263-o=2&statisticCategory=PASSING&conference=null&d-447263-p=1,2005,POST,PASSING
http://www.nfl.com/stats/categorystats?tabSeq=0&season=2005&seasonType=POST&d-447263-n=2&d-447263-o=2&statisticCategory=RUSHING&conference=null&d-447263-p=1,2005,POST,RUSHING
http://www.nfl.com/stats/categorystats?tabSeq=0&season=2005&seasonType=POST&d-447263-n=2&d-447263-o=2&statisticCategory=RECEIVING&conference=null&d-447263-p=1,2005,POST,RECEIVING
http://www.nfl.com/stats/categorystats?tabSeq=0&season=2005&seasonType=POST&d-447263-n=2&d-447263-o=2&statisticCategory=KICKING&conference=null&d-447263-p=1,2005,POST,KICKING
http://www.nfl.com/stats/categorystats?tabSeq=0&season=2005&seasonType=POST&d-447263-n=2&d-447263-o=2&statisticCategory=FIELD_GOALS&conference=null&d-447263-p=1,2005,POST,FIELD_GOALS
http://www.nfl.com/stats/categorystats?tabSeq=0&season=2005&seasonType=POST&d-447263-n=2&d-447263-o=2&statisticCategory=KICK_RETURNS&conference=null&d-447263-p=1,2005,POST,KICK_RETURNS
http://www.nfl.com/stats/categorystats?tabSeq=0&season=2005&seasonType=POST&d-447263-n=2&d-447263-o=2&statisticCategory=PUNTING&conference=null&d-447263-p=1,2005,POST,PUNTING
http://www.nfl.com/stats/categorystats?tabSeq=0&season=2005&seasonType=POST&d-447263-n=2&d-447263-o=2&statisticCategory=SACKS&conference=null&d-447263-p=1,2005,POST,SACKS
http://www.nfl.com/stats/categorystats?tabSeq=0&season=2005&seasonType=POST&d-447263-n=2&d-447263-o=2&statisticCategory=TACKLES&conference=null&d-447263-p=1,2005,POST,TACKLES
http://www.nfl.com/stats/categorystats?tabSeq=0&season=2005&seasonType=PRE&d-447263-n=2&d-447263-o=2&statisticCategory=PASSING&conference=null&d-447263-p=1,2005,PRE,PASSING
http://www.nfl.com/stats/categorystats?tabSeq=0&season=2005&seasonType=PRE&d-447263-n=2&d-447263-o=2&statisticCategory=RUSHING&conference=null&d-447263-p=1,2005,PRE,RUSHING
http://www.nfl.com/stats/categorystats?tabSeq=0&season=2005&seasonType=PRE&d-447263-n=2&d-447263-o=2&statisticCategory=RECEIVING&conference=null&d-447263-p=1,2005,PRE,RECEIVING
http://www.nfl.com/stats/categorystats?tabSeq=0&season=2005&seasonType=PRE&d-447263-n=2&d-447263-o=2&statisticCategory=KICKING&conference=null&d-447263-p=1,2005,PRE,KICKING
http://www.nfl.com/stats/categorystats?tabSeq=0&season=2005&seasonType=PRE&d-447263-n=2&d-447263-o=2&statisticCategory=FIELD_GOALS&conference=null&d-447263-p=1,2005,PRE,FIELD_GOALS
http://www.nfl.com/stats/categorystats?tabSeq=0&season=2005&seasonType=PRE&d-447263-n=2&d-447263-o=2&statisticCategory=KICK_RETURNS&conference=null&d-447263-p=1,2005,PRE,KICK_RETURNS
http://www.nfl.com/stats/categorystats?tabSeq=0&season=2005&seasonType=PRE&d-447263-n=2&d-447263-o=2&statisticCategory=PUNTING&conference=null&d-447263-p=1,2005,PRE,PUNTING
http://www.nfl.com/stats/categorystats?tabSeq=0&season=2005&seasonType=PRE&d-447263-n=2&d-447263-o=2&statisticCategory=SACKS&conference=null&d-447263-p=1,2005,PRE,SACKS
http://www.nfl.com/stats/categorystats?tabSeq=0&season=2005&seasonType=PRE&d-447263-n=2&d-447263-o=2&statisticCategory=TACKLES&conference=null&d-447263-p=1,2005,PRE,TACKLES
http://www.nfl.com/stats/categorystats?tabSeq=0&season=2004&seasonType=REG&d-447263-n=2&d-447263-o=2&statisticCategory=PASSING&conference=null&d-447263-p=1,2004,REG,PASSING
http://www.nfl.com/stats/categorystats?tabSeq=0&season=2004&seasonType=REG&d-447263-n=2&d-447263-o=2&statisticCategory=RUSHING&conference=null&d-447263-p=1,2004,REG,RUSHING
http://www.nfl.com/stats/categorystats?tabSeq=0&season=2004&seasonType=REG&d-447263-n=2&d-447263-o=2&statisticCategory=RECEIVING&conference=null&d-447263-p=1,2004,REG,RECEIVING
http://www.nfl.com/stats/categorystats?tabSeq=0&season=2004&seasonType=REG&d-447263-n=2&d-447263-o=2&statisticCategory=KICKING&conference=null&d-447263-p=1,2004,REG,KICKING
http://www.nfl.com/stats/categorystats?tabSeq=0&season=2004&seasonType=REG&d-447263-n=2&d-447263-o=2&statisticCategory=FIELD_GOALS&conference=null&d-447263-p=1,2004,REG,FIELD_GOALS
http://www.nfl.com/stats/categorystats?tabSeq=0&season=2004&seasonType=REG&d-447263-n=2&d-447263-o=2&statisticCategory=KICK_RETURNS&conference=null&d-447263-p=1,2004,REG,KICK_RETURNS
http://www.nfl.com/stats/categorystats?tabSeq=0&season=2004&seasonType=REG&d-447263-n=2&d-447263-o=2&statisticCategory=PUNTING&conference=null&d-447263-p=1,2004,REG,PUNTING
http://www.nfl.com/stats/categorystats?tabSeq=0&season=2004&seasonType=REG&d-447263-n=2&d-447263-o=2&statisticCategory=SACKS&conference=null&d-447263-p=1,2004,REG,SACKS
http://www.nfl.com/stats/categorystats?tabSeq=0&season=2004&seasonType=REG&d-447263-n=2&d-447263-o=2&statisticCategory=TACKLES&conference=null&d-447263-p=1,2004,REG,TACKLES
http://www.nfl.com/stats/categorystats?tabSeq=0&season=2004&seasonType=POST&d-447263-n=2&d-447263-o=2&statisticCategory=PASSING&conference=null&d-447263-p=1,2004,POST,PASSING
http://www.nfl.com/stats/categorystats?tabSeq=0&season=2004&seasonType=POST&d-447263-n=2&d-447263-o=2&statisticCategory=RUSHING&conference=null&d-447263-p=1,2004,POST,RUSHING
http://www.nfl.com/stats/categorystats?tabSeq=0&season=2004&seasonType=POST&d-447263-n=2&d-447263-o=2&statisticCategory=RECEIVING&conference=null&d-447263-p=1,2004,POST,RECEIVING
http://www.nfl.com/stats/categorystats?tabSeq=0&season=2004&seasonType=POST&d-447263-n=2&d-447263-o=2&statisticCategory=KICKING&conference=null&d-447263-p=1,2004,POST,KICKING
http://www.nfl.com/stats/categorystats?tabSeq=0&season=2004&seasonType=POST&d-447263-n=2&d-447263-o=2&statisticCategory=FIELD_GOALS&conference=null&d-447263-p=1,2004,POST,FIELD_GOALS
http://www.nfl.com/stats/categorystats?tabSeq=0&season=2004&seasonType=POST&d-447263-n=2&d-447263-o=2&statisticCategory=KICK_RETURNS&conference=null&d-447263-p=1,2004,POST,KICK_RETURNS
http://www.nfl.com/stats/categorystats?tabSeq=0&season=2004&seasonType=POST&d-447263-n=2&d-447263-o=2&statisticCategory=PUNTING&conference=null&d-447263-p=1,2004,POST,PUNTING
http://www.nfl.com/stats/categorystats?tabSeq=0&season=2004&seasonType=POST&d-447263-n=2&d-447263-o=2&statisticCategory=SACKS&conference=null&d-447263-p=1,2004,POST,SACKS
http://www.nfl.com/stats/categorystats?tabSeq=0&season=2004&seasonType=POST&d-447263-n=2&d-447263-o=2&statisticCategory=TACKLES&conference=null&d-447263-p=1,2004,POST,TACKLES
http://www.nfl.com/stats/categorystats?tabSeq=0&season=2004&seasonType=PRE&d-447263-n=2&d-447263-o=2&statisticCategory=PASSING&conference=null&d-447263-p=1,2004,PRE,PASSING
http://www.nfl.com/stats/categorystats?tabSeq=0&season=2004&seasonType=PRE&d-447263-n=2&d-447263-o=2&statisticCategory=RUSHING&conference=null&d-447263-p=1,2004,PRE,RUSHING
http://www.nfl.com/stats/categorystats?tabSeq=0&season=2004&seasonType=PRE&d-447263-n=2&d-447263-o=2&statisticCategory=RECEIVING&conference=null&d-447263-p=1,2004,PRE,RECEIVING
http://www.nfl.com/stats/categorystats?tabSeq=0&season=2004&seasonType=PRE&d-447263-n=2&d-447263-o=2&statisticCategory=KICKING&conference=null&d-447263-p=1,2004,PRE,KICKING
http://www.nfl.com/stats/categorystats?tabSeq=0&season=2004&seasonType=PRE&d-447263-n=2&d-447263-o=2&statisticCategory=FIELD_GOALS&conference=null&d-447263-p=1,2004,PRE,FIELD_GOALS
http://www.nfl.com/stats/categorystats?tabSeq=0&season=2004&seasonType=PRE&d-447263-n=2&d-447263-o=2&statisticCategory=KICK_RETURNS&conference=null&d-447263-p=1,2004,PRE,KICK_RETURNS
http://www.nfl.com/stats/categorystats?tabSeq=0&season=2004&seasonType=PRE&d-447263-n=2&d-447263-o=2&statisticCategory=PUNTING&conference=null&d-447263-p=1,2004,PRE,PUNTING
http://www.nfl.com/stats/categorystats?tabSeq=0&season=2004&seasonType=PRE&d-447263-n=2&d-447263-o=2&statisticCategory=SACKS&conference=null&d-447263-p=1,2004,PRE,SACKS
http://www.nfl.com/stats/categorystats?tabSeq=0&season=2004&seasonType=PRE&d-447263-n=2&d-447263-o=2&statisticCategory=TACKLES&conference=null&d-447263-p=1,2004,PRE,TACKLES
http://www.nfl.com/stats/categorystats?tabSeq=0&season=2003&seasonType=REG&d-447263-n=2&d-447263-o=2&statisticCategory=PASSING&conference=null&d-447263-p=1,2003,REG,PASSING
http://www.nfl.com/stats/categorystats?tabSeq=0&season=2003&seasonType=REG&d-447263-n=2&d-447263-o=2&statisticCategory=RUSHING&conference=null&d-447263-p=1,2003,REG,RUSHING
http://www.nfl.com/stats/categorystats?tabSeq=0&season=2003&seasonType=REG&d-447263-n=2&d-447263-o=2&statisticCategory=RECEIVING&conference=null&d-447263-p=1,2003,REG,RECEIVING
http://www.nfl.com/stats/categorystats?tabSeq=0&season=2003&seasonType=REG&d-447263-n=2&d-447263-o=2&statisticCategory=KICKING&conference=null&d-447263-p=1,2003,REG,KICKING
http://www.nfl.com/stats/categorystats?tabSeq=0&season=2003&seasonType=REG&d-447263-n=2&d-447263-o=2&statisticCategory=FIELD_GOALS&conference=null&d-447263-p=1,2003,REG,FIELD_GOALS
http://www.nfl.com/stats/categorystats?tabSeq=0&season=2003&seasonType=REG&d-447263-n=2&d-447263-o=2&statisticCategory=KICK_RETURNS&conference=null&d-447263-p=1,2003,REG,KICK_RETURNS
http://www.nfl.com/stats/categorystats?tabSeq=0&season=2003&seasonType=REG&d-447263-n=2&d-447263-o=2&statisticCategory=PUNTING&conference=null&d-447263-p=1,2003,REG,PUNTING
http://www.nfl.com/stats/categorystats?tabSeq=0&season=2003&seasonType=REG&d-447263-n=2&d-447263-o=2&statisticCategory=SACKS&conference=null&d-447263-p=1,2003,REG,SACKS
http://www.nfl.com/stats/categorystats?tabSeq=0&season=2003&seasonType=REG&d-447263-n=2&d-447263-o=2&statisticCategory=TACKLES&conference=null&d-447263-p=1,2003,REG,TACKLES
http://www.nfl.com/stats/categorystats?tabSeq=0&season=2003&seasonType=POST&d-447263-n=2&d-447263-o=2&statisticCategory=PASSING&conference=null&d-447263-p=1,2003,POST,PASSING
http://www.nfl.com/stats/categorystats?tabSeq=0&season=2003&seasonType=POST&d-447263-n=2&d-447263-o=2&statisticCategory=RUSHING&conference=null&d-447263-p=1,2003,POST,RUSHING
http://www.nfl.com/stats/categorystats?tabSeq=0&season=2003&seasonType=POST&d-447263-n=2&d-447263-o=2&statisticCategory=RECEIVING&conference=null&d-447263-p=1,2003,POST,RECEIVING
http://www.nfl.com/stats/categorystats?tabSeq=0&season=2003&seasonType=POST&d-447263-n=2&d-447263-o=2&statisticCategory=KICKING&conference=null&d-447263-p=1,2003,POST,KICKING
http://www.nfl.com/stats/categorystats?tabSeq=0&season=2003&seasonType=POST&d-447263-n=2&d-447263-o=2&statisticCategory=FIELD_GOALS&conference=null&d-447263-p=1,2003,POST,FIELD_GOALS
http://www.nfl.com/stats/categorystats?tabSeq=0&season=2003&seasonType=POST&d-447263-n=2&d-447263-o=2&statisticCategory=KICK_RETURNS&conference=null&d-447263-p=1,2003,POST,KICK_RETURNS
http://www.nfl.com/stats/categorystats?tabSeq=0&season=2003&seasonType=POST&d-447263-n=2&d-447263-o=2&statisticCategory=PUNTING&conference=null&d-447263-p=1,2003,POST,PUNTING
http://www.nfl.com/stats/categorystats?tabSeq=0&season=2003&seasonType=POST&d-447263-n=2&d-447263-o=2&statisticCategory=SACKS&conference=null&d-447263-p=1,2003,POST,SACKS
http://www.nfl.com/stats/categorystats?tabSeq=0&season=2003&seasonType=POST&d-447263-n=2&d-447263-o=2&statisticCategory=TACKLES&conference=null&d-447263-p=1,2003,POST,TACKLES
http://www.nfl.com/stats/categorystats?tabSeq=0&season=2003&seasonType=PRE&d-447263-n=2&d-447263-o=2&statisticCategory=PASSING&conference=null&d-447263-p=1,2003,PRE,PASSING
http://www.nfl.com/stats/categorystats?tabSeq=0&season=2003&seasonType=PRE&d-447263-n=2&d-447263-o=2&statisticCategory=RUSHING&conference=null&d-447263-p=1,2003,PRE,RUSHING
http://www.nfl.com/stats/categorystats?tabSeq=0&season=2003&seasonType=PRE&d-447263-n=2&d-447263-o=2&statisticCategory=RECEIVING&conference=null&d-447263-p=1,2003,PRE,RECEIVING
http://www.nfl.com/stats/categorystats?tabSeq=0&season=2003&seasonType=PRE&d-447263-n=2&d-447263-o=2&statisticCategory=KICKING&conference=null&d-447263-p=1,2003,PRE,KICKING
http://www.nfl.com/stats/categorystats?tabSeq=0&season=2003&seasonType=PRE&d-447263-n=2&d-447263-o=2&statisticCategory=FIELD_GOALS&conference=null&d-447263-p=1,2003,PRE,FIELD_GOALS
http://www.nfl.com/stats/categorystats?tabSeq=0&season=2003&seasonType=PRE&d-447263-n=2&d-447263-o=2&statisticCategory=KICK_RETURNS&conference=null&d-447263-p=1,2003,PRE,KICK_RETURNS
http://www.nfl.com/stats/categorystats?tabSeq=0&season=2003&seasonType=PRE&d-447263-n=2&d-447263-o=2&statisticCategory=PUNTING&conference=null&d-447263-p=1,2003,PRE,PUNTING
http://www.nfl.com/stats/categorystats?tabSeq=0&season=2003&seasonType=PRE&d-447263-n=2&d-447263-o=2&statisticCategory=SACKS&conference=null&d-447263-p=1,2003,PRE,SACKS
http://www.nfl.com/stats/categorystats?tabSeq=0&season=2003&seasonType=PRE&d-447263-n=2&d-447263-o=2&statisticCategory=TACKLES&conference=null&d-447263-p=1,2003,PRE,TACKLES
http://www.nfl.com/stats/categorystats?tabSeq=0&season=2002&seasonType=REG&d-447263-n=2&d-447263-o=2&statisticCategory=PASSING&conference=null&d-447263-p=1,2002,REG,PASSING
http://www.nfl.com/stats/categorystats?tabSeq=0&season=2002&seasonType=REG&d-447263-n=2&d-447263-o=2&statisticCategory=RUSHING&conference=null&d-447263-p=1,2002,REG,RUSHING
http://www.nfl.com/stats/categorystats?tabSeq=0&season=2002&seasonType=REG&d-447263-n=2&d-447263-o=2&statisticCategory=RECEIVING&conference=null&d-447263-p=1,2002,REG,RECEIVING
http://www.nfl.com/stats/categorystats?tabSeq=0&season=2002&seasonType=REG&d-447263-n=2&d-447263-o=2&statisticCategory=KICKING&conference=null&d-447263-p=1,2002,REG,KICKING
http://www.nfl.com/stats/categorystats?tabSeq=0&season=2002&seasonType=REG&d-447263-n=2&d-447263-o=2&statisticCategory=FIELD_GOALS&conference=null&d-447263-p=1,2002,REG,FIELD_GOALS
http://www.nfl.com/stats/categorystats?tabSeq=0&season=2002&seasonType=REG&d-447263-n=2&d-447263-o=2&statisticCategory=KICK_RETURNS&conference=null&d-447263-p=1,2002,REG,KICK_RETURNS
http://www.nfl.com/stats/categorystats?tabSeq=0&season=2002&seasonType=REG&d-447263-n=2&d-447263-o=2&statisticCategory=PUNTING&conference=null&d-447263-p=1,2002,REG,PUNTING
http://www.nfl.com/stats/categorystats?tabSeq=0&season=2002&seasonType=REG&d-447263-n=2&d-447263-o=2&statisticCategory=SACKS&conference=null&d-447263-p=1,2002,REG,SACKS
http://www.nfl.com/stats/categorystats?tabSeq=0&season=2002&seasonType=REG&d-447263-n=2&d-447263-o=2&statisticCategory=TACKLES&conference=null&d-447263-p=1,2002,REG,TACKLES
http://www.nfl.com/stats/categorystats?tabSeq=0&season=2002&seasonType=POST&d-447263-n=2&d-447263-o=2&statisticCategory=PASSING&conference=null&d-447263-p=1,2002,POST,PASSING
http://www.nfl.com/stats/categorystats?tabSeq=0&season=2002&seasonType=POST&d-447263-n=2&d-447263-o=2&statisticCategory=RUSHING&conference=null&d-447263-p=1,2002,POST,RUSHING
http://www.nfl.com/stats/categorystats?tabSeq=0&season=2002&seasonType=POST&d-447263-n=2&d-447263-o=2&statisticCategory=RECEIVING&conference=null&d-447263-p=1,2002,POST,RECEIVING
http://www.nfl.com/stats/categorystats?tabSeq=0&season=2002&seasonType=POST&d-447263-n=2&d-447263-o=2&statisticCategory=KICKING&conference=null&d-447263-p=1,2002,POST,KICKING
http://www.nfl.com/stats/categorystats?tabSeq=0&season=2002&seasonType=POST&d-447263-n=2&d-447263-o=2&statisticCategory=FIELD_GOALS&conference=null&d-447263-p=1,2002,POST,FIELD_GOALS
http://www.nfl.com/stats/categorystats?tabSeq=0&season=2002&seasonType=POST&d-447263-n=2&d-447263-o=2&statisticCategory=KICK_RETURNS&conference=null&d-447263-p=1,2002,POST,KICK_RETURNS
http://www.nfl.com/stats/categorystats?tabSeq=0&season=2002&seasonType=POST&d-447263-n=2&d-447263-o=2&statisticCategory=PUNTING&conference=null&d-447263-p=1,2002,POST,PUNTING
http://www.nfl.com/stats/categorystats?tabSeq=0&season=2002&seasonType=POST&d-447263-n=2&d-447263-o=2&statisticCategory=SACKS&conference=null&d-447263-p=1,2002,POST,SACKS
http://www.nfl.com/stats/categorystats?tabSeq=0&season=2002&seasonType=POST&d-447263-n=2&d-447263-o=2&statisticCategory=TACKLES&conference=null&d-447263-p=1,2002,POST,TACKLES
http://www.nfl.com/stats/categorystats?tabSeq=0&season=2002&seasonType=PRE&d-447263-n=2&d-447263-o=2&statisticCategory=PASSING&conference=null&d-447263-p=1,2002,PRE,PASSING
http://www.nfl.com/stats/categorystats?tabSeq=0&season=2002&seasonType=PRE&d-447263-n=2&d-447263-o=2&statisticCategory=RUSHING&conference=null&d-447263-p=1,2002,PRE,RUSHING
http://www.nfl.com/stats/categorystats?tabSeq=0&season=2002&seasonType=PRE&d-447263-n=2&d-447263-o=2&statisticCategory=RECEIVING&conference=null&d-447263-p=1,2002,PRE,RECEIVING
http://www.nfl.com/stats/categorystats?tabSeq=0&season=2002&seasonType=PRE&d-447263-n=2&d-447263-o=2&statisticCategory=KICKING&conference=null&d-447263-p=1,2002,PRE,KICKING
http://www.nfl.com/stats/categorystats?tabSeq=0&season=2002&seasonType=PRE&d-447263-n=2&d-447263-o=2&statisticCategory=FIELD_GOALS&conference=null&d-447263-p=1,2002,PRE,FIELD_GOALS
http://www.nfl.com/stats/categorystats?tabSeq=0&season=2002&seasonType=PRE&d-447263-n=2&d-447263-o=2&statisticCategory=KICK_RETURNS&conference=null&d-447263-p=1,2002,PRE,KICK_RETURNS
http://www.nfl.com/stats/categorystats?tabSeq=0&season=2002&seasonType=PRE&d-447263-n=2&d-447263-o=2&statisticCategory=PUNTING&conference=null&d-447263-p=1,2002,PRE,PUNTING
http://www.nfl.com/stats/categorystats?tabSeq=0&season=2002&seasonType=PRE&d-447263-n=2&d-447263-o=2&statisticCategory=SACKS&conference=null&d-447263-p=1,2002,PRE,SACKS
http://www.nfl.com/stats/categorystats?tabSeq=0&season=2002&seasonType=PRE&d-447263-n=2&d-447263-o=2&statisticCategory=TACKLES&conference=null&d-447263-p=1,2002,PRE,TACKLES
http://www.nfl.com/stats/categorystats?tabSeq=0&season=2001&seasonType=REG&d-447263-n=2&d-447263-o=2&statisticCategory=PASSING&conference=null&d-447263-p=1,2001,REG,PASSING
http://www.nfl.com/stats/categorystats?tabSeq=0&season=2001&seasonType=REG&d-447263-n=2&d-447263-o=2&statisticCategory=RUSHING&conference=null&d-447263-p=1,2001,REG,RUSHING
http://www.nfl.com/stats/categorystats?tabSeq=0&season=2001&seasonType=REG&d-447263-n=2&d-447263-o=2&statisticCategory=RECEIVING&conference=null&d-447263-p=1,2001,REG,RECEIVING
http://www.nfl.com/stats/categorystats?tabSeq=0&season=2001&seasonType=REG&d-447263-n=2&d-447263-o=2&statisticCategory=KICKING&conference=null&d-447263-p=1,2001,REG,KICKING
http://www.nfl.com/stats/categorystats?tabSeq=0&season=2001&seasonType=REG&d-447263-n=2&d-447263-o=2&statisticCategory=FIELD_GOALS&conference=null&d-447263-p=1,2001,REG,FIELD_GOALS
http://www.nfl.com/stats/categorystats?tabSeq=0&season=2001&seasonType=REG&d-447263-n=2&d-447263-o=2&statisticCategory=KICK_RETURNS&conference=null&d-447263-p=1,2001,REG,KICK_RETURNS
http://www.nfl.com/stats/categorystats?tabSeq=0&season=2001&seasonType=REG&d-447263-n=2&d-447263-o=2&statisticCategory=PUNTING&conference=null&d-447263-p=1,2001,REG,PUNTING
http://www.nfl.com/stats/categorystats?tabSeq=0&season=2001&seasonType=REG&d-447263-n=2&d-447263-o=2&statisticCategory=SACKS&conference=null&d-447263-p=1,2001,REG,SACKS
http://www.nfl.com/stats/categorystats?tabSeq=0&season=2001&seasonType=REG&d-447263-n=2&d-447263-o=2&statisticCategory=TACKLES&conference=null&d-447263-p=1,2001,REG,TACKLES
http://www.nfl.com/stats/categorystats?tabSeq=0&season=2001&seasonType=POST&d-447263-n=2&d-447263-o=2&statisticCategory=PASSING&conference=null&d-447263-p=1,2001,POST,PASSING
http://www.nfl.com/stats/categorystats?tabSeq=0&season=2001&seasonType=POST&d-447263-n=2&d-447263-o=2&statisticCategory=RUSHING&conference=null&d-447263-p=1,2001,POST,RUSHING
http://www.nfl.com/stats/categorystats?tabSeq=0&season=2001&seasonType=POST&d-447263-n=2&d-447263-o=2&statisticCategory=RECEIVING&conference=null&d-447263-p=1,2001,POST,RECEIVING
http://www.nfl.com/stats/categorystats?tabSeq=0&season=2001&seasonType=POST&d-447263-n=2&d-447263-o=2&statisticCategory=KICKING&conference=null&d-447263-p=1,2001,POST,KICKING
http://www.nfl.com/stats/categorystats?tabSeq=0&season=2001&seasonType=POST&d-447263-n=2&d-447263-o=2&statisticCategory=FIELD_GOALS&conference=null&d-447263-p=1,2001,POST,FIELD_GOALS
http://www.nfl.com/stats/categorystats?tabSeq=0&season=2001&seasonType=POST&d-447263-n=2&d-447263-o=2&statisticCategory=KICK_RETURNS&conference=null&d-447263-p=1,2001,POST,KICK_RETURNS
http://www.nfl.com/stats/categorystats?tabSeq=0&season=2001&seasonType=POST&d-447263-n=2&d-447263-o=2&statisticCategory=PUNTING&conference=null&d-447263-p=1,2001,POST,PUNTING
http://www.nfl.com/stats/categorystats?tabSeq=0&season=2001&seasonType=POST&d-447263-n=2&d-447263-o=2&statisticCategory=SACKS&conference=null&d-447263-p=1,2001,POST,SACKS
http://www.nfl.com/stats/categorystats?tabSeq=0&season=2001&seasonType=POST&d-447263-n=2&d-447263-o=2&statisticCategory=TACKLES&conference=null&d-447263-p=1,2001,POST,TACKLES
http://www.nfl.com/stats/categorystats?tabSeq=0&season=2001&seasonType=PRE&d-447263-n=2&d-447263-o=2&statisticCategory=PASSING&conference=null&d-447263-p=1,2001,PRE,PASSING
http://www.nfl.com/stats/categorystats?tabSeq=0&season=2001&seasonType=PRE&d-447263-n=2&d-447263-o=2&statisticCategory=RUSHING&conference=null&d-447263-p=1,2001,PRE,RUSHING
http://www.nfl.com/stats/categorystats?tabSeq=0&season=2001&seasonType=PRE&d-447263-n=2&d-447263-o=2&statisticCategory=RECEIVING&conference=null&d-447263-p=1,2001,PRE,RECEIVING
http://www.nfl.com/stats/categorystats?tabSeq=0&season=2001&seasonType=PRE&d-447263-n=2&d-447263-o=2&statisticCategory=KICKING&conference=null&d-447263-p=1,2001,PRE,KICKING
http://www.nfl.com/stats/categorystats?tabSeq=0&season=2001&seasonType=PRE&d-447263-n=2&d-447263-o=2&statisticCategory=FIELD_GOALS&conference=null&d-447263-p=1,2001,PRE,FIELD_GOALS
http://www.nfl.com/stats/categorystats?tabSeq=0&season=2001&seasonType=PRE&d-447263-n=2&d-447263-o=2&statisticCategory=KICK_RETURNS&conference=null&d-447263-p=1,2001,PRE,KICK_RETURNS
http://www.nfl.com/stats/categorystats?tabSeq=0&season=2001&seasonType=PRE&d-447263-n=2&d-447263-o=2&statisticCategory=PUNTING&conference=null&d-447263-p=1,2001,PRE,PUNTING
http://www.nfl.com/stats/categorystats?tabSeq=0&season=2001&seasonType=PRE&d-447263-n=2&d-447263-o=2&statisticCategory=SACKS&conference=null&d-447263-p=1,2001,PRE,SACKS
http://www.nfl.com/stats/categorystats?tabSeq=0&season=2001&seasonType=PRE&d-447263-n=2&d-447263-o=2&statisticCategory=TACKLES&conference=null&d-447263-p=1,2001,PRE,TACKLES
http://www.nfl.com/stats/categorystats?tabSeq=0&season=2000&seasonType=REG&d-447263-n=2&d-447263-o=2&statisticCategory=PASSING&conference=null&d-447263-p=1,2000,REG,PASSING
http://www.nfl.com/stats/categorystats?tabSeq=0&season=2000&seasonType=REG&d-447263-n=2&d-447263-o=2&statisticCategory=RUSHING&conference=null&d-447263-p=1,2000,REG,RUSHING
http://www.nfl.com/stats/categorystats?tabSeq=0&season=2000&seasonType=REG&d-447263-n=2&d-447263-o=2&statisticCategory=RECEIVING&conference=null&d-447263-p=1,2000,REG,RECEIVING
http://www.nfl.com/stats/categorystats?tabSeq=0&season=2000&seasonType=REG&d-447263-n=2&d-447263-o=2&statisticCategory=KICKING&conference=null&d-447263-p=1,2000,REG,KICKING
http://www.nfl.com/stats/categorystats?tabSeq=0&season=2000&seasonType=REG&d-447263-n=2&d-447263-o=2&statisticCategory=FIELD_GOALS&conference=null&d-447263-p=1,2000,REG,FIELD_GOALS
http://www.nfl.com/stats/categorystats?tabSeq=0&season=2000&seasonType=REG&d-447263-n=2&d-447263-o=2&statisticCategory=KICK_RETURNS&conference=null&d-447263-p=1,2000,REG,KICK_RETURNS
http://www.nfl.com/stats/categorystats?tabSeq=0&season=2000&seasonType=REG&d-447263-n=2&d-447263-o=2&statisticCategory=PUNTING&conference=null&d-447263-p=1,2000,REG,PUNTING
http://www.nfl.com/stats/categorystats?tabSeq=0&season=2000&seasonType=REG&d-447263-n=2&d-447263-o=2&statisticCategory=SACKS&conference=null&d-447263-p=1,2000,REG,SACKS
http://www.nfl.com/stats/categorystats?tabSeq=0&season=2000&seasonType=REG&d-447263-n=2&d-447263-o=2&statisticCategory=TACKLES&conference=null&d-447263-p=1,2000,REG,TACKLES
http://www.nfl.com/stats/categorystats?tabSeq=0&season=2000&seasonType=POST&d-447263-n=2&d-447263-o=2&statisticCategory=PASSING&conference=null&d-447263-p=1,2000,POST,PASSING
http://www.nfl.com/stats/categorystats?tabSeq=0&season=2000&seasonType=POST&d-447263-n=2&d-447263-o=2&statisticCategory=RUSHING&conference=null&d-447263-p=1,2000,POST,RUSHING
http://www.nfl.com/stats/categorystats?tabSeq=0&season=2000&seasonType=POST&d-447263-n=2&d-447263-o=2&statisticCategory=RECEIVING&conference=null&d-447263-p=1,2000,POST,RECEIVING
http://www.nfl.com/stats/categorystats?tabSeq=0&season=2000&seasonType=POST&d-447263-n=2&d-447263-o=2&statisticCategory=KICKING&conference=null&d-447263-p=1,2000,POST,KICKING
http://www.nfl.com/stats/categorystats?tabSeq=0&season=2000&seasonType=POST&d-447263-n=2&d-447263-o=2&statisticCategory=FIELD_GOALS&conference=null&d-447263-p=1,2000,POST,FIELD_GOALS
http://www.nfl.com/stats/categorystats?tabSeq=0&season=2000&seasonType=POST&d-447263-n=2&d-447263-o=2&statisticCategory=KICK_RETURNS&conference=null&d-447263-p=1,2000,POST,KICK_RETURNS
http://www.nfl.com/stats/categorystats?tabSeq=0&season=2000&seasonType=POST&d-447263-n=2&d-447263-o=2&statisticCategory=PUNTING&conference=null&d-447263-p=1,2000,POST,PUNTING
http://www.nfl.com/stats/categorystats?tabSeq=0&season=2000&seasonType=POST&d-447263-n=2&d-447263-o=2&statisticCategory=SACKS&conference=null&d-447263-p=1,2000,POST,SACKS
http://www.nfl.com/stats/categorystats?tabSeq=0&season=2000&seasonType=POST&d-447263-n=2&d-447263-o=2&statisticCategory=TACKLES&conference=null&d-447263-p=1,2000,POST,TACKLES
http://www.nfl.com/stats/categorystats?tabSeq=0&season=2000&seasonType=PRE&d-447263-n=2&d-447263-o=2&statisticCategory=PASSING&conference=null&d-447263-p=1,2000,PRE,PASSING
http://www.nfl.com/stats/categorystats?tabSeq=0&season=2000&seasonType=PRE&d-447263-n=2&d-447263-o=2&statisticCategory=RUSHING&conference=null&d-447263-p=1,2000,PRE,RUSHING
http://www.nfl.com/stats/categorystats?tabSeq=0&season=2000&seasonType=PRE&d-447263-n=2&d-447263-o=2&statisticCategory=RECEIVING&conference=null&d-447263-p=1,2000,PRE,RECEIVING
http://www.nfl.com/stats/categorystats?tabSeq=0&season=2000&seasonType=PRE&d-447263-n=2&d-447263-o=2&statisticCategory=KICKING&conference=null&d-447263-p=1,2000,PRE,KICKING
http://www.nfl.com/stats/categorystats?tabSeq=0&season=2000&seasonType=PRE&d-447263-n=2&d-447263-o=2&statisticCategory=FIELD_GOALS&conference=null&d-447263-p=1,2000,PRE,FIELD_GOALS
http://www.nfl.com/stats/categorystats?tabSeq=0&season=2000&seasonType=PRE&d-447263-n=2&d-447263-o=2&statisticCategory=KICK_RETURNS&conference=null&d-447263-p=1,2000,PRE,KICK_RETURNS
http://www.nfl.com/stats/categorystats?tabSeq=0&season=2000&seasonType=PRE&d-447263-n=2&d-447263-o=2&statisticCategory=PUNTING&conference=null&d-447263-p=1,2000,PRE,PUNTING
http://www.nfl.com/stats/categorystats?tabSeq=0&season=2000&seasonType=PRE&d-447263-n=2&d-447263-o=2&statisticCategory=SACKS&conference=null&d-447263-p=1,2000,PRE,SACKS
http://www.nfl.com/stats/categorystats?tabSeq=0&season=2000&seasonType=PRE&d-447263-n=2&d-447263-o=2&statisticCategory=TACKLES&conference=null&d-447263-p=1,2000,PRE,TACKLES