/player/aj-cann?position=OL, A.J. Cann, OG, South Carolina,  2015
/player/aj-greene?position=OL, A.J. Greene, OT, Auburn,  2012
/player/aq-shipley?position=OL, A.Q. Shipley, OC, Penn State,  2009
/player/aaron-dalan?position=OL, Aaron Dalan, OT, Washington,  1999
/player/aaron-gibson?position=OL, Aaron Gibson, OT, Wisconsin,  1999
/player/adam-bisnowaty?position=OL, Adam Bisnowaty, OT, Pittsburgh,  2017
/player/adam-davis?position=OL, Adam Davis, OG, Oklahoma State,  2000
/player/adam-gettis?position=OL, Adam Gettis, OG, Iowa,  2012
/player/adam-grant?position=OL, Adam Grant, OT, Arizona,  2011
/player/adam-haayer?position=OL, Adam Haayer, OG, Minnesota,  2001
/player/adam-kieft?position=OL, Adam Kieft, OT, Central Michigan,  2005
/player/adam-koets?position=OL, Adam Koets, OT, Oregon State,  2007
/player/adam-shead?position=OL, Adam Shead, OG, Oklahoma,  2015
/player/adam-snyder?position=OL, Adam Snyder, OG, Oregon,  2005
/player/adam-terry?position=OL, Adam Terry, OT, Syracuse,  2005
/player/adam-ulatoski?position=OL, Adam Ulatoski, OG, Texas,  2010
/player/adrian-jones?position=OL, Adrian Jones, OT, Kansas,  2004
/player/adrian-klemm?position=OL, Adrian Klemm, OT, Hawai'i,  2000
/player/adrien-clarke?position=OL, Adrien Clarke, OG, Ohio State,  2004
/player/al-bond?position=OL, Al Bond, OG, Memphis,  2015
/player/antoine-mcclain?position=OL, Antoine McClain, OG, Clemson,  2012
/player/antonio-richardson?position=OL, Antonio  Richardson, OT, Tennessee,  2014
/player/antonio-garcia?position=OL, Antonio Garcia, OT, Troy,  2017
/player/antonio-hall?position=OL, Antonio Hall, OG, Kentucky,  2004
/player/antwan-kirkhughes?position=OL, Antwan Kirk-Hughes, OG, Texas,  2002
/player/arie-kouandjio?position=OL, Arie Kouandjio, OG, Alabama,  2015
/player/artis-hicks?position=OL, Artis Hicks, OG, Memphis,  2002
/player/augustus-parrish?position=OL, Augustus Parrish, OT, Kent State,  2009
/player/austin-blythe?position=OL, Austin Blythe, OC, Iowa,  2016
/player/austin-king?position=OL, Austin King, OC, Northwestern,  2003
/player/austin-shepherd?position=OL, Austin Shepherd, OT, Alabama,  2015
/player/avery-gennesy?position=OL, Avery Gennesy, OT, Texas A&M,  2017
/player/avery-young?position=OL, Avery Young, OT, Auburn,  2016
/player/aviante-collins?position=OL, Aviante Collins, OT, TCU,  2017
/player/bj-finney?position=OL, B.J. Finney, OC, Kansas State,  2015
/player/barry-richardson?position=OL, Barry Richardson, OT, Clemson,  2008
/player/ben-adams?position=OL, Ben Adams, OG, Texas,  1999
/player/ben-braden?position=OL, Ben Braden, OG, Michigan,  2017
/player/ben-claxton?position=OL, Ben Claxton, OC, Ole Miss,  2003
/player/ben-grubbs?position=OL, Ben Grubbs, OG, Auburn,  2007
/player/al-jackson?position=OL, Al Jackson, OG, LSU,  2000
/player/alan-reuber?position=OL, Alan Reuber, OG, Texas A&M,  2004
/player/albert-traylor?position=OL, Albert Traylor, OG, Northwestern State,  2001
/player/alex-barron?position=OL, Alex Barron, OT, Florida State,  2005
/player/alex-boone?position=OL, Alex Boone, OT, Ohio State,  2009
/player/alex-fletcher?position=OL, Alex Fletcher, OC, Stanford,  2009
/player/alex-lewis-2016?position=OL, Alex Lewis, OT, Nebraska,  2016
/player/alex-linnenkohl?position=OL, Alex Linnenkohl, OC, Oregon State,  2011
/player/alex-parsons?position=OL, Alex Parsons, OG, USC,  2010
/player/alex-redmond?position=OL, Alex Redmond, OG, UCLA,  2016
/player/alex-stepanovich?position=OL, Alex Stepanovich, OC, Ohio State,  2004
/player/alex-sulfsted?position=OL, Alex Sulfsted, OG, Miami (Ohio),  2001
/player/ali-marpet?position=OL, Ali Marpet, OG, Hobart,  2015
/player/allen-barbre?position=OL, Allen Barbre, OT, Missouri Southern,  2007
/player/alonzo-cunningham?position=OL, Alonzo Cunningham, OG, Iowa,  2002
/player/alvin-bailey?position=OL, Alvin Bailey, OG, Arkansas,  2013
/player/amini-silatolu?position=OL, Amini Silatolu, OG, Midwestern State,  2012
/player/andre-gurode?position=OL, Andre Gurode, OG, Colorado,  2002
/player/andrew-datko?position=OL, Andrew Datko, OT, Florida State,  2012
/player/andrew-donnal?position=OL, Andrew Donnal, OT, Iowa,  2015
/player/ben-hamilton?position=OL, Ben Hamilton, OC, Minnesota,  2001
/player/ben-johnson?position=OL, Ben Johnson, OT, Wisconsin,  2003
/player/ben-jones?position=OL, Ben Jones, OC, Georgia,  2012
/player/ben-miller?position=OL, Ben Miller, OC, Air Force,  2002
/player/ben-nichols?position=OL, Ben Nichols, OG, Colorado,  1999
/player/ben-sobieski?position=OL, Ben Sobieski, OG, Iowa,  2003
/player/bernard-robertson?position=OL, Bernard Robertson, OG, Tulane,  2001
/player/bill-ferrario?position=OL, Bill Ferrario, OG, Wisconsin,  2001
/player/billy-turner?position=OL, Billy Turner, OT, North Dakota State,  2014
/player/bobby-hart?position=OL, Bobby Hart, OG, Florida State,  2015
/player/bobby-massie?position=OL, Bobby Massie, OT, Ole Miss,  2012
/player/bobby-singh?position=OL, Bobby Singh, OG, Portland State,  1999
/player/bobby-williams?position=OL, Bobby Williams, OT, Arkansas,  2000
/player/brad-bedell?position=OL, Brad Bedell, OG, Colorado,  2000
/player/brad-lekkerkerker?position=OL, Brad Lekkerkerker, OT, Cal Davis,  2004
/player/brad-meester?position=OL, Brad Meester, OC, Northern Iowa,  2000
/player/brad-winn?position=OL, Brad Winn, OG, North Texas,  1999
/player/braden-brown?position=OL, Braden Brown, OT, BYU,  2013
/player/branden-albert?position=OL, Branden Albert, OG, Virginia,  2008
/player/brandon-bulsworth?position=OL, Brandon Bulsworth, OG, Arkansas,  1999
/player/andrew-jackson?position=OL, Andrew Jackson, OG, Fresno State,  2011
/player/andrew-kline?position=OL, Andrew Kline, OG, San Diego State,  2000
/player/andrew-tiller?position=OL, Andrew Tiller, OG, Syracuse,  2012
/player/andrew-whitworth?position=OL, Andrew Whitworth, OT, LSU,  2006
/player/andrus-peat?position=OL, Andrus Peat, OT, Stanford,  2015
/player/andy-alleman?position=OL, Andy Alleman, OG, Akron,  2007
/player/andy-eby?position=OL, Andy Eby, OC, Kansas State,  2002
/player/andy-gallik?position=OL, Andy Gallik, OC, Boston College,  2015
/player/andy-kemp?position=OL, Andy Kemp, OG, Wisconsin,  2009
/player/andy-levitre?position=OL, Andy Levitre, OG, Oregon State,  2009
/player/andy-vincent?position=OL, Andy Vincent, OG, Texas A&M,  2000
/player/anthony-alabi?position=OL, Anthony Alabi, OT, TCU,  2005
/player/anthony-castonzo?position=OL, Anthony Castonzo, OT, Boston College,  2011
/player/anthony-cesario?position=OL, Anthony Cesario, OG, Colorado State,  1999
/player/anthony-collins?position=OL, Anthony Collins, OT, Kansas,  2008
/player/anthony-davis-2010?position=OL, Anthony Davis, OT, Rutgers,  2010
/player/anthony-davis?position=OL, Anthony Davis, OG, Virginia Tech,  2003
/player/anthony-parker-2009?position=OL, Anthony Parker, OG, Tennessee,  2009
/player/anthony-steen?position=OL, Anthony Steen, OG, Alabama,  2014
/player/antoine-caldwell?position=OL, Antoine Caldwell, OC, Alabama,  2009
/player/carlos-joseph?position=OL, Carlos Joseph, OT, Miami,  2004
/player/casey-rabach?position=OL, Casey Rabach, OC, Wisconsin,  2001
/player/cedric-ogbuehi?position=OL, Cedric Ogbuehi, OT, Texas A&M,  2015
/player/chad-clifton?position=OL, Chad Clifton, OT, Tennessee,  2000
/player/chad-hamilton?position=OL, Chad Hamilton, OC, Coastal Carolina,  2015
/player/chad-rinehart?position=OL, Chad Rinehart, OG, Northern Iowa,  2008
/player/chad-setterstrom?position=OL, Chad Setterstrom, OG, Northern Iowa,  2003
/player/chad-ward?position=OL, Chad Ward, OG, Washington,  2001
/player/chad-wheeler?position=OL, Chad Wheeler, OC, USC,  2017
/player/chance-warmack?position=OL, Chance Warmack, OG, Alabama,  2013
/player/charles-brown?position=OL, Charles Brown, OT, USC,  2010
/player/charles-lenojr?position=OL, Charles Leno Jr., OT, Boise State,  2014
/player/charles-spencer?position=OL, Charles Spencer, OG, Pittsburgh,  2006
/player/charron-dorsey?position=OL, Charron Dorsey, OT, Florida State,  2001
/player/chase-johnson?position=OL, Chase Johnson, OT, Wyoming,  2007
/player/chase-raynock?position=OL, Chase Raynock, OT, Montana,  2000
/player/chase-roullier?position=OL, Chase Roullier, OC, Wyoming,  2017
/player/chaz-green?position=OL, Chaz Green, OT, Florida,  2015
/player/chester-pitts?position=OL, Chester Pitts, OT, San Diego State,  2002
/player/chilo-rachal?position=OL, Chilo Rachal, OG, USC,  2008
/player/brian-schwenke?position=OL, Brian Schwenke, OC, California,  2013
/player/brian-uhl?position=OL, Brian Uhl, OC, Cincinnati,  1999
/player/brian-winters?position=OL, Brian Winters, OG, Kent State,  2013
/player/broderick-lancaster?position=OL, Broderick Lancaster, OG, Colorado State,  2002
/player/bruce-campbell?position=OL, Bruce Campbell, OT, Maryland,  2010
/player/bryan-bulaga?position=OL, Bryan Bulaga, OT, Iowa,  2010
/player/bruce-nelson?position=OL, Bruce Nelson, OC, Iowa,  2003
/player/bryan-stork?position=OL, Bryan Stork, OC, Florida State,  2014
/player/cj-brooks?position=OL, C.J. Brooks, OG, Maryland,  2005
/player/cj-davis?position=OL, C.J. Davis, OG, Pittsburgh,  2009
/player/caleb-benenoch?position=OL, Caleb Benenoch, OT, UCLA,  2016
/player/calvin-armstrong?position=OL, Calvin Armstrong, OT, Washington State,  2005
/player/cam-robinson?position=OL, Cam Robinson, OT, Alabama,  2017
/player/cameron-erving?position=OL, Cameron Erving, OG, Florida State,  2015
/player/cameron-fleming?position=OL, Cameron Fleming, OT, Stanford,  2014
/player/cameron-lee?position=OL, Cameron Lee, OG, Illinois State,  2017
/player/cameron-spikes?position=OL, Cameron Spikes, OG, Texas A&M,  1999
/player/cameron-stephenson?position=OL, Cameron Stephenson, OG, Rutgers,  2007
/player/carl-johnson?position=OL, Carl Johnson, OG, Florida,  2011
/player/carl-nicks?position=OL, Carl Nicks, OT, Nebraska,  2008
/player/brandon-carter?position=OL, Brandon Carter, OG, Texas Tech,  2010
/player/brandon-frye?position=OL, Brandon Frye, OT, Virginia Tech,  2007
/player/brandon-fusco?position=OL, Brandon Fusco, OC, Slippery Rock,  2011
/player/brandon-keith?position=OL, Brandon Keith, OT, Northern Iowa,  2008
/player/brandon-linder?position=OL, Brandon Linder, OG, Miami,  2014
/player/brandon-mosley?position=OL, Brandon Mosley, OT, Auburn,  2012
/player/brandon-scherff?position=OL, Brandon Scherff, OT, Iowa,  2015
/player/brandon-shell?position=OL, Brandon Shell, OT, South Carolina,  2016
/player/brandon-thomas?position=OL, Brandon Thomas, OT, Clemson,  2014
/player/brandon-walker?position=OL, Brandon Walker, OG, Oklahoma,  2009
/player/brandon-washington?position=OL, Brandon Washington, OG, Miami,  2012
/player/braxston-cave?position=OL, Braxston Cave, OC, Notre Dame,  2013
/player/brennan-curtin?position=OL, Brennan Curtin, OT, Notre Dame,  2003
/player/breno-giacomini?position=OL, Breno Giacomini, OT, Louisville,  2008
/player/brett-boyko?position=OL, Brett Boyko, OT, UNLV,  2015
/player/brett-helms?position=OL, Brett Helms, OC, LSU,  2009
/player/brett-romberg?position=OL, Brett Romberg, OC, Miami,  2003
/player/brett-williams?position=OL, Brett Williams, OT, Florida State,  2003
/player/brian-pukenas?position=OL, Brian Pukenas, OG, West Virginia,  1999
/player/brian-rimpf?position=OL, Brian Rimpf, OT, ECU,  2004
/player/ciron-black?position=OL, Ciron Black, OG, LSU,  2010
/player/claude-terrell?position=OL, Claude Terrell, OG, New Mexico,  2005
/player/cleve-roberts?position=OL, Cleve Roberts, OT, Troy,  1999
/player/clint-boling?position=OL, Clint Boling, OG, Georgia,  2011
/player/cody-wallace?position=OL, Cody Wallace, OC, Texas A&M,  2008
/player/cody-whitehair?position=OL, Cody Whitehair, OG, Kansas State,  2016
/player/cole-pemberton?position=OL, Cole Pemberton, OT, Colorado State,  2010
/player/cole-toner?position=OL, Cole Toner, OT, Harvard,  2016
/player/collin-buchanan?position=OL, Collin Buchanan, OL, Miami (OH),  2017
/player/connor-mcgovern?position=OL, Connor McGovern, OG, Missouri,  2016
/player/conor-boffeli?position=OL, Conor Boffeli, OG, Iowa,  2014
/player/conor-mcdermott?position=OL, Conor McDermott, OT, UCLA,  2017
/player/cooper-carlisle?position=OL, Cooper Carlisle, OG, Florida,  2000
/player/cordy-glenn?position=OL, Cordy Glenn, OG, Georgia,  2012
/player/corey-clark?position=OL, Corey Clark, OT, Texas A&M,  2008
/player/corey-hilliard?position=OL, Corey Hilliard, OT, Oklahoma State,  2007
/player/corey-hulsey?position=OL, Corey Hulsey, OG, Clemson,  1999
/player/corey-levin?position=OL, Corey Levin, OL, Tennessee-Chattanooga,  2017
/player/corey-linsley?position=OL, Corey Linsley, OC, Ohio State,  2014
/player/corey-robinson?position=OL, Corey Robinson, OT, South Carolina,  2015
/player/chris-barker?position=OL, Chris Barker, OG, Nevada,  2013
/player/chris-brown?position=OL, Chris Brown, OT, Georgia Tech,  2001
/player/chris-chester?position=OL, Chris Chester, OC, Oklahoma,  2006
/player/chris-degeare?position=OL, Chris DeGeare, OG, Wake Forest,  2010
/player/chris-denman?position=OL, Chris Denman, OT, Fresno State,  2007
/player/chris-faulk?position=OL, Chris Faulk, OT, LSU,  2013
/player/chris-hairston?position=OL, Chris Hairston, OT, Clemson,  2011
/player/chris-kemoeatu?position=OL, Chris Kemoeatu, OG, Utah,  2005
/player/chris-kuper?position=OL, Chris Kuper, OG, North Dakota,  2006
/player/chris-mcintosh?position=OL, Chris McIntosh, OT, Wisconsin,  2000
/player/chris-myers?position=OL, Chris Myers, OG, Miami,  2005
/player/chris-scott?position=OL, Chris Scott, OG, Tennessee,  2010
/player/chris-snee?position=OL, Chris Snee, OG, Boston College,  2004
/player/chris-spencer?position=OL, Chris Spencer, OC, Ole Miss,  2005
/player/chris-terry?position=OL, Chris Terry, OT, Georgia,  1999
/player/chris-valletta?position=OL, Chris Valletta, OG, Texas A&M,  2001
/player/chris-watt?position=OL, Chris Watt, OG, Notre Dame,  2014
/player/chris-williams?position=OL, Chris Williams, OT, Vanderbilt,  2008
/player/christian-westerman?position=OL, Christian Westerman, OG, Arizona State,  2016
/player/chukky-okobi?position=OL, Chukky Okobi, OC, Purdue,  2001
/player/dan-feeney?position=OL, Dan Feeney, OG, Indiana,  2017
/player/dan-gay?position=OL, Dan Gay, OG, Baylor,  2009
/player/dan-koppen?position=OL, Dan Koppen, OC, Boston College,  2003
/player/dan-lauta?position=OL, Dan Lauta, OT, Buffalo,  1999
/player/dan-mozes?position=OL, Dan Mozes, OC, West Virginia,  2007
/player/dan-santucci?position=OL, Dan Santucci, OG, Notre Dame,  2007
/player/dan-skipper?position=OL, Dan Skipper, OT, Arkansas,  2017
/player/dan-stevenson?position=OL, Dan Stevenson, OG, Notre Dame,  2006
/player/dane-uperesa?position=OL, Dane Uperesa, OT, Hawai'i,  2007
/player/daniel-brunskill?position=OL, Daniel Brunskill, OT, San Diego State,  2017
/player/daniel-kilgore?position=OL, Daniel Kilgore, OG, Appalachian State,  2011
/player/daniel-loper?position=OL, Daniel Loper, OT, Texas Tech,  2005
/player/danny-isidora?position=OL, Danny Isidora, OG, Miami,  2017
/player/danny-watkins?position=OL, Danny Watkins, OG, Baylor,  2011
/player/darnell-alford?position=OL, Darnell Alford, OT, Boston College,  2000
/player/darrell-greene?position=OL, Darrell Greene, OG, San Diego State,  2016
/player/darrian-miller?position=OL, Darrian Miller, OG, Kentucky,  2015
/player/daryl-williams?position=OL, Daryl Williams, OT, Oklahoma,  2015
/player/daryn-colledge?position=OL, Daryn Colledge, OT, Boise State,  2006
/player/david-arkin?position=OL, David Arkin, OG, Missouri State,  2011
/player/cornelius-lewis?position=OL, Cornelius Lewis, OT, Tennessee State,  2009
/player/cornell-green?position=OL, Cornell Green, OT, UCF,  1999
/player/cosey-coleman?position=OL, Cosey Coleman, OG, Tennessee,  2000
/player/craig-page?position=OL, Craig Page, OC, Georgia Tech,  1999
/player/curt-mcgill?position=OL, Curt McGill, OC, Georgia,  2002
/player/cyril-richardson?position=OL, Cyril Richardson, OG, Baylor,  2014
/player/cyrus-kouandjio?position=OL, Cyrus Kouandjio, OT, Alabama,  2014
/player/dbrickashaw-ferguson?position=OL, D'Brickashaw Ferguson, OT, Virginia,  2006
/player/dj-fluker?position=OL, D.J. Fluker, OT, Alabama,  2013
/player/dj-humphries?position=OL, D.J. Humphries, OT, Florida,  2015
/player/dace-richardson?position=OL, Dace Richardson, OG, Iowa,  2010
/player/dakota-dozier?position=OL, Dakota Dozier, OG, Furman,  2014
/player/damian-lavergne?position=OL, Damian Lavergne, OT, Louisiana Tech,  2003
/player/damien-mama?position=OL, Damien Mama, OG, USC,  2017
/player/damien-woody?position=OL, Damien Woody, OC, Boston College,  1999
/player/damion-mcintosh?position=OL, Damion McIntosh, OT, Kansas State,  2000
/player/dan-buenning?position=OL, Dan Buenning, OG, Wisconsin,  2005
/player/dan-collins?position=OL, Dan Collins, OG, Boston College,  1999
/player/dan-connolly?position=OL, Dan Connolly, OT, Southeast Missouri State,  2005
/player/dan-dercher?position=OL, Dan Dercher, OT, Kansas,  1999
/player/david-baas?position=OL, David Baas, OG, Michigan,  2005
/player/david-bakhtiari?position=OL, David Bakhtiari, OT, Colorado,  2013
/player/david-decastro?position=OL, David DeCastro, OG, Stanford,  2012
/player/david-diehl?position=OL, David Diehl, OG, Illinois,  2003
/player/david-hale?position=OL, David Hale, OT, Weber State,  2008
/player/david-loverne?position=OL, David Loverne, OG, San Jose State,  1999
/player/david-molk?position=OL, David Molk, OC, Michigan,  2012
/player/david-porter?position=OL, David Porter, OT, Iowa,  2003
/player/david-quessenberry?position=OL, David Quessenberry, OT, San Jose State,  2013
/player/david-sharpe?position=OL, David Sharpe, OT, Florida,  2017
/player/david-stewart?position=OL, David Stewart, OT, Mississippi State,  2005
/player/david-yankey?position=OL, David Yankey, OG, Stanford,  2014
/player/davin-joseph?position=OL, Davin Joseph, OG, Oklahoma,  2006
/player/demarcus-curry?position=OL, DeMarcus Curry, OT, Auburn,  1999
/player/demarcus-love?position=OL, DeMarcus Love, OT, Arkansas,  2011
/player/demetrius-bell?position=OL, Demetrius Bell, OT, Northwestern State,  2008
/player/dennis-norman?position=OL, Dennis Norman, OG, Princeton,  2001
/player/dennis-roland?position=OL, Dennis Roland, OT, Georgia,  2006
/player/denver-kirkland?position=OL, Denver Kirkland, OT, Arkansas,  2016
/player/derek-newton?position=OL, Derek Newton, OT, Arkansas State,  2011
/player/derek-rose?position=OL, Derek Rose, OC, Iowa,  1999
/player/derek-sherrod?position=OL, Derek Sherrod, OT, Mississippi State,  2011
/player/derrick-dockery?position=OL, Derrick Dockery, OG, Texas,  2003
/player/derrick-fletcher?position=OL, Derrick Fletcher, OT, Baylor,  1999
/player/desmond-wynn?position=OL, Desmond Wynn, OG, Rutgers,  2012
/player/devin-clark?position=OL, Devin Clark, OT, New Mexico,  2008
/player/dieugot-joseph?position=OL, Dieugot Joseph, OT, Florida International,  2017
/player/dion-dawkins?position=OL, Dion Dawkins, OG, Temple,  2017
/player/dominic-raiola?position=OL, Dominic Raiola, OC, Nebraska,  2001
/player/dominick-jackson?position=OL, Dominick Jackson, OG, Alabama,  2016
/player/dominique-robertson?position=OL, Dominique Robertson, OT, Miami (OH),  2016
/player/donald-stephenson?position=OL, Donald Stephenson, OT, Oklahoma,  2012
/player/donald-thomas?position=OL, Donald Thomas, OG, Connecticut,  2008
/player/donovan-raiola?position=OL, Donovan Raiola, OC, Wisconsin,  2006
/player/donovan-smith?position=OL, Donovan Smith, OG, Penn State,  2015
/player/dorian-brooks?position=OL, Dorian Brooks, OG, James Madison,  2010
/player/dorian-johnson?position=OL, Dorian Johnson, OG, Pittsburgh,  2017
/player/doug-brzezinski?position=OL, Doug Brzezinski, OG, Boston College,  1999
/player/doug-buckles?position=OL, Doug Buckles, OG, Ole Miss,  2005
/player/doug-datish?position=OL, Doug Datish, OC, Ohio State,  2007
/player/doug-free?position=OL, Doug Free, OT, Northern Illinois,  2007
/player/doug-nienhuis?position=OL, Doug Nienhuis, OG, Oregon State,  2005
/player/drew-hodgdon?position=OL, Drew Hodgdon, OC, Arizona State,  2005
/player/drew-mormino?position=OL, Drew Mormino, OC, Central Michigan,  2007
/player/drew-radovich?position=OL, Drew Radovich, OG, USC,  2008
/player/drew-strojny?position=OL, Drew Strojny, OT, Duke,  2004
/player/duane-brown?position=OL, Duane Brown, OT, Virginia Tech,  2008
/player/duke-preston?position=OL, Duke Preston, OC, Illinois,  2005
/player/duke-robinson?position=OL, Duke Robinson, OG, Oklahoma,  2009
/player/dustin-fry?position=OL, Dustin Fry, OC, Clemson,  2007
/player/dustin-rykert?position=OL, Dustin Rykert, OT, BYU,  2003
/player/dustin-waldron?position=OL, Dustin Waldron, OT, Portland State,  2012
/player/dwayne-pierce?position=OL, Dwayne Pierce, OG, LSU,  2002
/player/dylan-gandy?position=OL, Dylan Gandy, OG, Texas Tech,  2005
/player/dylan-mcfarland?position=OL, Dylan McFarland, OT, Montana,  2004
/player/ej-whitley?position=OL, E.J. Whitley, OT, Texas Tech,  2006
/player/earl-watford?position=OL, Earl Watford, OG, James Madison,  2013
/player/eben-britton?position=OL, Eben Britton, OT, Arizona,  2009
/player/ed-taamu?position=OL, Ed Ta'amu, OG, Utah,  2002
/player/ed-wang?position=OL, Ed Wang, OT, Virginia Tech,  2010
/player/edmund-kugbila?position=OL, Edmund Kugbila, OG, Valdosta State,  2013
/player/edwin-mulitalo?position=OL, Edwin Mulitalo, OT, Arizona,  1999
/player/edwin-williams?position=OL, Edwin Williams, OC, Maryland,  2009
/player/elliot-silvers?position=OL, Elliot Silvers, OT, Washington,  2001
/player/elliot-vallejo?position=OL, Elliot Vallejo, OT, Cal Davis,  2007
/player/emmett-cleary?position=OL, Emmett Cleary, OT, Boston College,  2013
/player/enoch-demar?position=OL, Enoch DeMar, OG, Indiana,  2003
/player/enoka-lucas?position=OL, Enoka Lucas, OC, Oregon,  2007
/player/ereck-flowers?position=OL, Ereck Flowers, OT, Miami,  2015
/player/eric-degroh?position=OL, Eric De Groh, OC, West Virginia,  1999
/player/eric-fisher?position=OL, Eric Fisher, OT, Central Michigan,  2013
/player/eric-ghiaciuc?position=OL, Eric Ghiaciuc, OC, Central Michigan,  2005
/player/eric-heitmann?position=OL, Eric Heitmann, OG, Stanford,  2002
/player/eric-herman?position=OL, Eric Herman, OG, Ohio,  2013
/player/eric-king?position=OL, Eric King, OG, Richmond,  1999
/player/eric-olsen?position=OL, Eric Olsen, OC, Notre Dame,  2010
/player/eric-steinbach?position=OL, Eric Steinbach, OG, Iowa,  2003
/player/eric-winston?position=OL, Eric Winston, OT, Miami,  2006
/player/eric-wood?position=OL, Eric Wood, OC, Louisville,  2009
/player/erik-austell?position=OL, Erik Austell, OT, Charleston Southern,  2017
/player/garett-bolles?position=OL, Garett Bolles, OT, Utah,  2017
/player/garrett-gilkey?position=OL, Garrett Gilkey, OT, Chadron State,  2013
/player/garrett-reynolds?position=OL, Garrett Reynolds, OT, North Carolina,  2009
/player/garry-johnson?position=OL, Garry Johnson, OT, Arkansas State,  2003
/player/garth-gerhart?position=OL, Garth Gerhart, OC, Arizona State,  2012
/player/gene-mruczkowski?position=OL, Gene Mruczkowski, OC, Purdue,  2003
/player/geoff-hangartner?position=OL, Geoff Hangartner, OC, Texas A&M,  2005
/player/geoff-schwartz?position=OL, Geoff Schwartz, OT, Oregon,  2008
/player/george-foster?position=OL, George Foster, OT, Georgia,  2003
/player/gerald-cadogan?position=OL, Gerald Cadogan, OT, Penn State,  2009
/player/germain-ifedi?position=OL, Germain Ifedi, OG, Texas A&M,  2016
/player/gosder-cherilus?position=OL, Gosder Cherilus, OT, Boston College,  2008
/player/graham-glasgow?position=OL, Graham Glasgow, OC, Michigan,  2016
/player/greg-eslinger?position=OL, Greg Eslinger, OC, Minnesota,  2006
/player/greg-isdaner?position=OL, Greg Isdaner, OG, West Virginia,  2009
/player/greg-mancz?position=OL, Greg Mancz, OC, Toledo,  2015
/player/greg-robinson?position=OL, Greg Robinson, OT, Auburn,  2014
/player/greg-robinsonrandall?position=OL, Greg Robinson-Randall, OT, Michigan State,  2000
/player/greg-schindler?position=OL, Greg Schindler, OG, Stanford,  2003
/player/grey-ruegamer?position=OL, Grey Ruegamer, OC, Arizona State,  1999
/player/erik-cook?position=OL, Erik Cook, OC, New Mexico,  2010
/player/ethan-cooper?position=OL, Ethan Cooper, OL, Indiana (PA),  2017
/player/ethan-pocic?position=OL, Ethan Pocic, OC, LSU,  2017
/player/eugene-monroe?position=OL, Eugene Monroe, OT, Virginia,  2009
/player/evan-boehm?position=OL, Evan Boehm, OC, Missouri,  2016
/player/evan-mathis?position=OL, Evan Mathis, OG, Alabama,  2005
/player/fahn-cooper?position=OL, Fahn Cooper, OT, Ole Miss,  2016
/player/fenuki-tupou?position=OL, Fenuki Tupou, OT, Oregon,  2009
/player/floyd-wedderburn?position=OL, Floyd Wedderburn, OT, Penn State,  1999
/player/floyd-womack?position=OL, Floyd Womack, OG, Mississippi State,  2001
/player/forrest-lamp?position=OL, Forrest Lamp, OG, Western Kentucky,  2017
/player/frank-omiyale?position=OL, Frank Omiyale, OT, Tennessee Tech,  2005
/player/frank-romero?position=OL, Frank Romero, OG, Oklahoma,  2002
/player/franklin-dunbar?position=OL, Franklin Dunbar, OT, Middle Tennessee,  2008
/player/fred-matua?position=OL, Fred Matua, OG, USC,  2006
/player/fred-weary?position=OL, Fred Weary, OC, Tennessee,  2002
/player/gabe-carimi?position=OL, Gabe Carimi, OT, Wisconsin,  2011
/player/gabe-hall?position=OL, Gabe Hall, OT, Texas Tech,  2007
/player/gabe-ikard?position=OL, Gabe Ikard, OC, Oklahoma,  2014
/player/gabe-jackson?position=OL, Gabe Jackson, OG, Mississippi State,  2014
/player/gus-felder?position=OL, Gus Felder, OG, Penn State,  2003
/player/guy-whimper?position=OL, Guy Whimper, OT, ECU,  2006
/player/halapoulivaati-vaitai?position=OL, Halapoulivaati Vaitai, OT, TCU,  2016
/player/harvey-dahl?position=OL, Harvey Dahl, OT, Nevada,  2005
/player/herb-taylor?position=OL, Herb Taylor, OT, TCU,  2007
/player/herman-johnson?position=OL, Herman Johnson, OG, LSU,  2009
/player/howard-duncan?position=OL, Howard Duncan, OG, Oklahoma,  2002
/player/hroniss-grasu?position=OL, Hroniss Grasu, OC, Oregon,  2015
/player/hugh-thornton?position=OL, Hugh Thornton, OG, Illinois,  2013
/player/ian-rafferty?position=OL, Ian Rafferty, OT, NC State,  1999
/player/isaac-asiata?position=OL, Isaac Asiata, OG, Utah,  2017
/player/isaac-seumalo?position=OL, Isaac Seumalo, OG, Oregon State,  2016
/player/isaac-sowells?position=OL, Isaac Sowells, OG, Indiana,  2006
/player/isaiah-thompson?position=OL, Isaiah Thompson, OG, Houston,  2011
/player/jc-tretter?position=OL, J.C. Tretter, OT, Cornell,  2013
/player/jd-walton?position=OL, J.D. Walton, OC, Baylor,  2010
/player/jj-dielman?position=OL, J.J. Dielman, OC, Utah,  2017
/player/jawuan-james?position=OL, Ja'Wuan James, OT, Tennessee,  2014
/player/jack-allen?position=OL, Jack Allen, OC, Michigan State,  2016
/player/jack-conklin?position=OL, Jack Conklin, OT, Michigan State,  2016
/player/jack-mewhort?position=OL, Jack Mewhort, OT, Ohio State,  2014
/player/jacob-bell?position=OL, Jacob Bell, OG, Miami (Ohio),  2004
/player/jacob-rogers?position=OL, Jacob Rogers, OT, USC,  2004
/player/jah-reid?position=OL, Jah Reid, OT, UCF,  2011
/player/jaimie-thomas?position=OL, Jaimie Thomas, OG, Maryland,  2009
/player/jake-matthews?position=OL, Jake  Matthews, OT, Texas A&M,  2014
/player/jake-brendel?position=OL, Jake Brendel, OC, UCLA,  2016
/player/jake-fisher?position=OL, Jake Fisher, OT, Oregon,  2015
/player/jake-grove?position=OL, Jake Grove, OC, Virginia Tech,  2004
/player/jake-long?position=OL, Jake Long, OT, Michigan,  2008
/player/jake-scott?position=OL, Jake Scott, OT, Idaho,  2004
/player/jamaal-johnsonwebb?position=OL, Jamaal Johnson-Webb, OT, Alabama A&M,  2013
/player/jamar-nesbit?position=OL, Jamar Nesbit, OC, South Carolina,  1999
/player/james-blair?position=OL, James Blair, OG, Western Michigan,  2008
/player/james-brewer?position=OL, James Brewer, OT, Indiana,  2011
/player/james-brown?position=OL, James Brown, OT, Troy,  2012
/player/james-carpenter?position=OL, James Carpenter, OT, Alabama,  2011
/player/james-hurst?position=OL, James Hurst, OT, North Carolina,  2014
/player/james-marten?position=OL, James Marten, OT, Boston College,  2007
/player/james-stone?position=OL, James Stone, OC, Tennessee,  2014
/player/jamey-richard?position=OL, Jamey Richard, OC, Buffalo,  2008
/player/jamil-douglas?position=OL, Jamil Douglas, OG, Arizona State,  2015
/player/jamil-soriano?position=OL, Jamil Soriano, OG, Harvard,  2003
/player/jammal-brown?position=OL, Jammal Brown, OT, Oklahoma,  2005
/player/jamon-brown?position=OL, Jamon Brown, OT, Louisville,  2015
/player/jamon-meredith?position=OL, Jamon Meredith, OT, South Carolina,  2009
/player/jared-veldheer?position=OL, Jared Veldheer, OT, Hillsdale,  2010
/player/jarriel-king?position=OL, Jarriel King, OT, South Carolina,  2011
/player/jarvis-borum?position=OL, Jarvis Borum, OG, NC State,  2001
/player/jarvis-harrison?position=OL, Jarvis Harrison, OG, Texas A&M,  2015
/player/jarvis-reado?position=OL, Jarvis Reado, OT, Tennessee,  1999
/player/jason-ball?position=OL, Jason Ball, OC, New Hampshire,  2002
/player/jason-brown?position=OL, Jason Brown, OC, North Carolina,  2005
/player/jason-fox?position=OL, Jason Fox, OT, Miami,  2010
/player/jason-gamble?position=OL, Jason Gamble, OC, Clemson,  1999
/player/jason-jimenez?position=OL, Jason Jimenez, OT, Southern Miss,  2003
/player/jason-jowers?position=OL, Jason Jowers, OG, Wisconsin,  2003
/player/jason-kelce?position=OL, Jason Kelce, OC, Cincinnati,  2011
/player/jason-mills?position=OL, Jason Mills, OG, Tulsa,  1999
/player/jason-peters?position=OL, Jason Peters, OT, Arkansas,  2004
/player/jason-pinkston?position=OL, Jason Pinkston, OT, Pittsburgh,  2011
/player/jason-scukanec?position=OL, Jason Scukanec, OC, BYU,  2002
/player/jason-smith?position=OL, Jason Smith, OT, Baylor,  2009
/player/jason-spitz?position=OL, Jason Spitz, OG, Louisville,  2006
/player/jason-spriggs?position=OL, Jason Spriggs, OT, Indiana,  2016
/player/jason-thomas?position=OL, Jason Thomas, OG, Hampton,  2000
/player/jason-watkins?position=OL, Jason Watkins, OT, Florida,  2009
/player/jason-weaver?position=OL, Jason Weaver, OT, Southern Miss,  2013
/player/javarius-leamon?position=OL, Javarius Leamon, OL, South Carolina State,  2017
/player/jay-humphrey?position=OL, Jay Humphrey, OT, Texas,  1999
/player/jeb-terry?position=OL, Jeb Terry, OG, North Carolina,  2004
/player/jeff-allen?position=OL, Jeff Allen, OT, Illinois,  2012
/player/jeff-baca?position=OL, Jeff Baca, OG, UCLA,  2013
/player/jeff-backus?position=OL, Jeff Backus, OT, Michigan,  2001
/player/jeff-byers?position=OL, Jeff Byers, OC, USC,  2010
/player/jeff-otah?position=OL, Jeff Otah, OT, Pittsburgh,  2008
/player/jeff-smith?position=OL, Jeff Smith, OC, Wyoming,  1999
/player/jeno-james?position=OL, Jeno James, OG, Auburn,  2000
/player/jerald-hawkins?position=OL, Jerald Hawkins, OT, LSU,  2016
/player/jeremiah-poutasi?position=OL, Jeremiah Poutasi, OG, Utah,  2015
/player/joe-madsen?position=OL, Joe Madsen, OC, West Virginia,  2013
/player/joe-staley?position=OL, Joe Staley, OT, Central Michigan,  2007
/player/joe-thomas?position=OL, Joe Thomas, OT, Wisconsin,  2007
/player/joe-thuney?position=OL, Joe Thuney, OG, NC State,  2016
/player/joe-toledo?position=OL, Joe Toledo, OT, Washington,  2006
/player/joe-wong?position=OL, Joe Wong, OT, BYU,  1999
/player/joel-bell?position=OL, Joel Bell, OT, Furman,  2009
/player/joel-bitonio?position=OL, Joel Bitonio, OG, Nevada,  2014
/player/joey-chustz?position=OL, Joey Chustz, OT, Louisiana Tech,  2000
/player/john-cullen?position=OL, John Cullen, OT, Utah,  2012
/player/john-greco?position=OL, John Greco, OT, Toledo,  2008
/player/john-jerry?position=OL, John Jerry, OT, Ole Miss,  2010
/player/john-miller?position=OL, John Miller, OG, Louisville,  2015
/player/john-moffitt?position=OL, John Moffitt, OG, Wisconsin,  2011
/player/john-stclair?position=OL, John St.Clair, OC, Virginia,  2000
/player/john-sullivan?position=OL, John Sullivan, OC, Notre Dame,  2008
/player/john-tait?position=OL, John Tait, OT, BYU,  1999
/player/john-theus?position=OL, John Theus, OT, Georgia,  2016
/player/john-urschel?position=OL, John Urschel, OG, Penn State,  2014
/player/john-welbourn?position=OL, John Welbourn, OT, California,  1999
/player/jeremy-bridges?position=OL, Jeremy Bridges, OG, Southern Miss,  2003
/player/jeremy-morgan?position=OL, Jeremy Morgan, OG, SMU,  1999
/player/jeremy-offutt?position=OL, Jeremy Offutt, OC, Oklahoma State,  1999
/player/jeremy-parquet?position=OL, Jeremy Parquet, OT, Southern Miss,  2005
/player/jeremy-trueblood?position=OL, Jeremy Trueblood, OT, Boston College,  2006
/player/jeremy-zuttah?position=OL, Jeremy Zuttah, OT, Rutgers,  2008
/player/jermaine-eluemunor?position=OL, Jermaine Eluemunor, OL, Texas A&M,  2017
/player/jermese-jones?position=OL, Jermese Jones, OT, Virginia,  2002
/player/jeromey-clary?position=OL, Jeromey Clary, OT, Kansas State,  2006
/player/jerry-ugokwe?position=OL, Jerry Ugokwe, OT, William & Mary,  2017
/player/jerry-wisne?position=OL, Jerry Wisne, OG, Notre Dame,  1999
/player/jessamen-dunker?position=OL, Jessamen Dunker, OG, Tennessee State,  2017
/player/jhari-evans?position=OL, Jhari Evans, OT, Bloomsburg,  2006
/player/jim-molinaro?position=OL, Jim Molinaro, OT, Notre Dame,  2004
/player/jimmy-martin?position=OL, Jimmy Martin, OT, Virginia Tech,  2006
/player/joe-berger?position=OL, Joe Berger, OT, Michigan Tech,  2005
/player/joe-dahl?position=OL, Joe Dahl, OG, Washington State,  2016
/player/joe-haeg?position=OL, Joe Haeg, OT, North Dakota State,  2016
/player/joe-hawley?position=OL, Joe Hawley, OC, UNLV,  2010
/player/joe-looney?position=OL, Joe Looney, OG, Wake Forest,  2012
/player/john-wetzel?position=OL, John Wetzel, OT, Boston College,  2013
/player/johnnie-troutman?position=OL, Johnnie Troutman, OG, Penn State,  2012
/player/jon-colon?position=OL, Jon Colon, OT, Florida,  2005
/player/jon-cooper?position=OL, Jon Cooper, OC, Oklahoma,  2009
/player/jon-dunn?position=OL, Jon Dunn, OT, Virginia Tech,  2005
/player/jon-feliciano?position=OL, Jon Feliciano, OG, Miami,  2015
/player/jon-halapio?position=OL, Jon Halapio, OG, Florida,  2014
/player/jon-jansen?position=OL, Jon Jansen, OT, Michigan,  1999
/player/jon-stinchcomb?position=OL, Jon Stinchcomb, OT, Georgia,  2003
/player/jon-toth?position=OL, Jon Toth, OC, Kentucky,  2017
/player/jonas-jennings?position=OL, Jonas Jennings, OT, Georgia,  2001
/player/jonathan-clinkscale?position=OL, Jonathan Clinkscale, OG, Wisconsin,  2005
/player/jonathan-cooper?position=OL, Jonathan Cooper, OG, North Carolina,  2013
/player/jonathan-goodwin?position=OL, Jonathan Goodwin, OG, Michigan,  2002
/player/jonathan-gray?position=OL, Jonathan Gray, OT, Texas Tech,  2000
/player/jonathan-luigs?position=OL, Jonathan Luigs, OC, Arkansas,  2009
/player/jonathan-martin?position=OL, Jonathan Martin, OT, Stanford,  2012
/player/jonathan-scott?position=OL, Jonathan Scott, OT, Texas,  2006
/player/jonotthan-harrison?position=OL, Jonotthan Harrison, OC, Florida,  2014
/player/jordan-black?position=OL, Jordan Black, OT, Notre Dame,  2003
/player/jordan-devey?position=OL, Jordan Devey, OT, Memphis,  2013
/player/jordan-gross?position=OL, Jordan Gross, OT, Utah,  2003
/player/jordan-mills?position=OL, Jordan Mills, OT, Louisiana Tech,  2013
/player/jordan-morgan?position=OL, Jordan Morgan, OG, Kutztown (PA),  2017
/player/jose-valdez?position=OL, Jose Valdez, OT, Arkansas,  2009
/player/joseph-barksdale?position=OL, Joseph Barksdale, OT, LSU,  2011
/player/joseph-cheek?position=OL, Joseph Cheek, OG, Texas A&M,  2016
/player/joseph-hayes?position=OL, Joseph Hayes, OG, San Jose State,  2004
/player/josh-beekman?position=OL, Josh Beekman, OG, Boston College,  2007
/player/josh-davis-2011?position=OL, Josh Davis, OT, Georgia,  2011
/player/josh-kobdish?position=OL, Josh Kobdish, OT, Fresno State,  1999
/player/josh-leribeus?position=OL, Josh LeRibeus, OG, SMU,  2012
/player/josh-oglesby?position=OL, Josh Oglesby, OT, Wisconsin,  2012
/player/josh-parrish?position=OL, Josh Parrish, OT, Washington State,  2004
/player/josh-sewell?position=OL, Josh Sewell, OC, Nebraska,  2004
/player/joshua-garnett?position=OL, Joshua Garnett, OG, Stanford,  2016
/player/josue-matias?position=OL, Josue Matias, OG, Florida State,  2015
/player/juan-garcia?position=OL, Juan Garcia, OG, Washington,  2009
/player/julian-vandervelde?position=OL, Julian Vandervelde, OG, Iowa,  2011
/player/julien-davenport?position=OL, Julie'n Davenport, OT, Bucknell,  2017
/player/kelly-butler?position=OL, Kelly Butler, OT, Purdue,  2004
/player/kelvin-beachum?position=OL, Kelvin Beachum, OG, SMU,  2012
/player/kelvin-garmon?position=OL, Kelvin Garmon, OG, Baylor,  1999
/player/ken-shackleford?position=OL, Ken Shackleford, OT, Georgia,  2007
/player/kendall-simmons?position=OL, Kendall Simmons, OG, Auburn,  2002
/player/kendrick-rogers?position=OL, Kendrick Rogers, OT, Central Missouri,  2001
/player/kenyatta-jones?position=OL, Kenyatta Jones, OT, South Florida,  2001
/player/kenyatta-walker?position=OL, Kenyatta Walker, OT, Florida,  2001
/player/kevin-barry?position=OL, Kevin Barry, OG, Arizona,  2002
/player/kevin-boothe?position=OL, Kevin Boothe, OT, Cornell,  2006
/player/kevin-hughes?position=OL, Kevin Hughes, OT, Southeast Louisiana,  2011
/player/kevin-zeitler?position=OL, Kevin Zeitler, OG, Wisconsin,  2012
/player/keydrick-vincent?position=OL, Keydrick Vincent, OG, Ole Miss,  2001
/player/khaled-holmes?position=OL, Khaled Holmes, OC, USC,  2013
/player/khalif-barnes?position=OL, Khalif Barnes, OT, Washington,  2005
/player/khiawatha-downey?position=OL, Khiawatha Downey, OG, Indiana (PA),  2004
/player/king-dunlap?position=OL, King Dunlap, OT, Auburn,  2008
/player/kirk-chambers?position=OL, Kirk Chambers, OT, Stanford,  2004
/player/konrad-dean?position=OL, Konrad Dean, OG, Akron,  2002
/player/kory-lichtensteiger?position=OL, Kory Lichtensteiger, OC, Bowling Green,  2008
/player/lael-collins?position=OL, La'el Collins, OT, LSU,  2015
/player/lashaun-mack?position=OL, LaShaun Mack, OC, Norfolk State,  2001
/player/laken-tomlinson?position=OL, Laken Tomlinson, OG, Duke,  2015
/player/lamar-holmes?position=OL, Lamar Holmes, OT, Southern Miss,  2012
/player/lamar-mady?position=OL, Lamar Mady, OG, Youngstown State,  2013
/player/lance-nimmo?position=OL, Lance Nimmo, OT, West Virginia,  2003
/player/landon-turner?position=OL, Landon Turner, OG, North Carolina,  2016
/player/lane-johnson?position=OL, Lane Johnson, OT, Oklahoma,  2013
/player/langston-walker?position=OL, Langston Walker, OT, California,  2002
/player/laremy-tunsil?position=OL, Laremy Tunsil, OT, Ole Miss,  2016
/player/larry-warford?position=OL, Larry Warford, OG, Kentucky,  2013
/player/laurence-gibson?position=OL, Laurence Gibson, OT, Virginia Tech,  2015
/player/leraven-clark?position=OL, Le'Raven Clark, OT, Texas Tech,  2016
/player/lecharles-bentley?position=OL, LeCharles Bentley, OC, Ohio State,  2002
/player/leander-jordan?position=OL, Leander Jordan, OG, Indiana (PA),  2000
/player/lennie-friedman?position=OL, Lennie Friedman, OG, Duke,  1999
/player/lee-ziemba?position=OL, Lee Ziemba, OT, Auburn,  2011
/player/leon-robinson?position=OL, Leon Robinson, OG, Georgia Tech,  2005
/player/leonard-davis?position=OL, Leonard Davis, OT, Texas,  2001
/player/leroy-harris?position=OL, Leroy Harris, OC, NC State,  2007
/player/julius-wilson?position=OL, Julius Wilson, OT, UAB,  2007
/player/junius-coston?position=OL, Junius Coston, OC, North Carolina A&T,  2005
/player/justin-anderson?position=OL, Justin Anderson, OT, Georgia,  2012
/player/justin-bates?position=OL, Justin Bates, OG, Colorado,  2003
/player/justin-blalock?position=OL, Justin Blalock, OG, Texas,  2007
/player/justin-boren?position=OL, Justin Boren, OG, Ohio State,  2011
/player/justin-britt?position=OL, Justin Britt, OT, Missouri,  2014
/player/justin-burroughs?position=OL, Justin Burroughs, OC, NC State,  1999
/player/justin-geisinger?position=OL, Justin Geisinger, OT, Vanderbilt,  2005
/player/justin-glasgow?position=OL, Justin Glasgow, OG, Kansas,  1999
/player/justin-pugh?position=OL, Justin Pugh, OT, Syracuse,  2013
/player/justin-sands?position=OL, Justin Sands, OG, Kansas,  2003
/player/justin-senior?position=OL, Justin Senior, OT, Mississippi State,  2017
/player/justin-smiley?position=OL, Justin Smiley, OG, Alabama,  2004
/player/kadeem-edwards?position=OL, Kadeem Edwards, OG, Tennessee State,  2014
/player/kareem-marshall?position=OL, Kareem Marshall, OT, Georgia,  2003
/player/kareem-mckenzie?position=OL, Kareem McKenzie, OT, Penn State,  2001
/player/kasey-studdard?position=OL, Kasey Studdard, OG, Texas,  2007
/player/keith-williams?position=OL, Keith Williams, OG, Nebraska,  2011
/player/kelechi-osemele?position=OL, Kelechi Osemele, OG, Iowa State,  2012
/player/kraig-urbik?position=OL, Kraig Urbik, OG, Wisconsin,  2009
/player/kris-comstock?position=OL, Kris Comstock, OT, Kentucky,  1999
/player/kris-farris?position=OL, Kris Farris, OT, UCLA,  1999
/player/kris-odowd?position=OL, Kris O'Dowd, OC, USC,  2011
/player/kualana-noa?position=OL, Kualana Noa, OT, Hawai'i,  2000
/player/kurt-sigler?position=OL, Kurt Sigler, OC, Eastern Washington,  2004
/player/kurt-vollers?position=OL, Kurt Vollers, OT, Notre Dame,  2002
/player/kurth-connell?position=OL, Kurth Connell, OT, Washington,  2000
/player/kurtis-gregory?position=OL, Kurtis Gregory, OG, Missouri,  2010
/player/kwame-harris?position=OL, Kwame Harris, OT, Stanford,  2003
/player/kyle-calloway?position=OL, Kyle Calloway, OT, Iowa,  2010
/player/kyle-fuller-2017?position=OL, Kyle Fuller, OC, Baylor,  2017
/player/kyle-hix?position=OL, Kyle Hix, OT, Texas,  2011
/player/kyle-jolly?position=OL, Kyle Jolly, OT, North Carolina,  2010
/player/kyle-kosier?position=OL, Kyle Kosier, OT, Arizona State,  2002
/player/kyle-link?position=OL, Kyle Link, OT, McNeese State,  2009
/player/kyle-long?position=OL, Kyle Long, OG, Oregon,  2013
/player/kyle-murphy?position=OL, Kyle Murphy, OT, Stanford,  2016
/player/kynan-forney?position=OL, Kynan Forney, OG, Hawai'i,  2001
/player/lj-shelton?position=OL, L.J. Shelton, OT, Eastern Michigan,  1999
/player/michael-toudouze?position=OL, Michael Toudouze, OT, TCU,  2006
/player/mike-adams?position=OL, Mike Adams, OT, Ohio State,  2012
/player/mike-degory?position=OL, Mike Degory, OC, Florida,  2006
/player/mike-gandy?position=OL, Mike Gandy, OG, Notre Dame,  2001
/player/mike-gibson?position=OL, Mike Gibson, OG, California,  2008
/player/mike-iupati?position=OL, Mike Iupati, OG, Idaho,  2010
/player/mike-johnson?position=OL, Mike Johnson, OG, Alabama,  2010
/player/mike-jones?position=OL, Mike Jones, OG, Iowa,  2007
/player/mike-mcglynn?position=OL, Mike McGlynn, OG, Pittsburgh,  2008
/player/mike-newell?position=OL, Mike Newell, OC, Colorado State,  1999
/player/mike-otto?position=OL, Mike Otto, OT, Purdue,  2007
/player/mike-person?position=OL, Mike Person, OG, Montana State,  2011
/player/mike-pollak?position=OL, Mike Pollak, OC, Arizona State,  2008
/player/mike-pouncey?position=OL, Mike Pouncey, OG, Florida,  2011
/player/mike-pucillo?position=OL, Mike Pucillo, OG, Auburn,  2002
/player/mike-tepper?position=OL, Mike Tepper, OG, California,  2010
/player/mike-watson?position=OL, Mike Watson, OT, West Virginia,  2005
/player/mike-williams?position=OL, Mike Williams, OT, Texas,  2002
/player/mitch-morse?position=OL, Mitch Morse, OG, Missouri,  2015
/player/mitch-petrus?position=OL, Mitch Petrus, OG, Arkansas,  2010
/player/maurice-hurt?position=OL, Maurice Hurt, OG, Florida,  2011
/player/maurice-miller?position=OL, Maurice Miller, OG, Ole Miss,  2009
/player/maurice-williams?position=OL, Maurice Williams, OT, Michigan,  2001
/player/maurkice-pouncey?position=OL, Maurkice Pouncey, OC, Florida,  2010
/player/max-garcia?position=OL, Max Garcia, OC, Florida,  2015
/player/max-jeangilles?position=OL, Max Jean-Gilles, OG, Georgia,  2006
/player/max-starks?position=OL, Max Starks, OT, Florida,  2004
/player/max-tuerk?position=OL, Max Tuerk, OC, USC,  2016
/player/max-unger?position=OL, Max Unger, OC, Oregon,  2009
/player/melvin-fowler?position=OL, Melvin Fowler, OC, Maryland,  2002
/player/melvin-paige?position=OL, Melvin Paige, OG, South Carolina,  2002
/player/menelik-watson?position=OL, Menelik Watson, OT, Florida State,  2013
/player/michael-brewster?position=OL, Michael Brewster, OC, Ohio State,  2012
/player/michael-collins?position=OL, Michael Collins, OT, Wake Forest,  2002
/player/michael-keathley?position=OL, Michael Keathley, OG, TCU,  2001
/player/michael-moore?position=OL, Michael Moore, OG, Troy,  2000
/player/michael-oher?position=OL, Michael Oher, OT, Ole Miss,  2009
/player/michael-roos?position=OL, Michael Roos, OT, Eastern Washington,  2005
/player/michael-schofield?position=OL, Michael Schofield, OT, Michigan,  2014
/player/michael-thompson?position=OL, Michael Thompson, OT, Tennessee State,  2000
/player/marcus-gilbert?position=OL, Marcus Gilbert, OT, Florida,  2011
/player/marcus-johnson?position=OL, Marcus Johnson, OG, Ole Miss,  2005
/player/marcus-martin?position=OL, Marcus Martin, OC, USC,  2014
/player/marcus-mcneill?position=OL, Marcus McNeill, OT, Auburn,  2006
/player/marek-rubin?position=OL, Marek Rubin, OT, Yale,  1999
/player/mario-henderson?position=OL, Mario Henderson, OT, Florida State,  2007
/player/mark-asper?position=OL, Mark Asper, OG, Oregon,  2012
/player/mark-baniewicz?position=OL, Mark Baniewicz, OT, Syracuse,  2000
/player/mark-glowinski?position=OL, Mark Glowinski, OG, West Virginia,  2015
/player/mark-jackson?position=OL, Mark Jackson, OG, Glenville State,  2013
/player/mark-setterstrom?position=OL, Mark Setterstrom, OG, Minnesota,  2006
/player/mark-tauscher?position=OL, Mark Tauscher, OG, Wisconsin,  2000
/player/mark-wilson?position=OL, Mark Wilson, OT, California,  2004
/player/marko-cavka?position=OL, Marko Cavka, OT, Sacramento State,  2004
/player/markus-zusevics?position=OL, Markus Zusevics, OT, Iowa,  2012
/player/marques-sullivan?position=OL, Marques Sullivan, OT, Illinois,  2001
/player/marquise-muldrow?position=OL, Marquise Muldrow, OG, Arizona State,  2002
/player/marshall-newhouse?position=OL, Marshall Newhouse, OG, TCU,  2010
/player/martin-bibla?position=OL, Martin Bibla, OG, Miami,  2002
/player/marvel-smith?position=OL, Marvel Smith, OT, Arizona State,  2000
/player/marvin-philip?position=OL, Marvin Philip, OC, California,  2006
/player/mathias-nkwenti?position=OL, Mathias Nkwenti, OG, Temple,  2001
/player/matt-anderle?position=OL, Matt Anderle, OT, Minnesota,  2002
/player/matt-armstrong?position=OL, Matt Armstrong, OC, Grand Valley State,  2014
/player/matt-feiler?position=OL, Matt Feiler, OT, Bloomsburg,  2014
/player/matt-hill?position=OL, Matt Hill, OT, Boise State,  2002
/player/matt-johnson?position=OL, Matt Johnson, OG, BYU,  2000
/player/matt-kalil?position=OL, Matt Kalil, OT, USC,  2012
/player/matt-lehr?position=OL, Matt Lehr, OG, Virginia Tech,  2001
/player/matt-light?position=OL, Matt Light, OT, Purdue,  2001
/player/matt-mccants?position=OL, Matt McCants, OT, UAB,  2012
/player/matt-oneal?position=OL, Matt O'Neal, OC, Oklahoma,  2000
/player/matt-patchan?position=OL, Matt Patchan, OT, Boston College,  2014
/player/matt-reynolds?position=OL, Matt Reynolds, OT, BYU,  2012
/player/matt-skura?position=OL, Matt Skura, OC, Duke,  2016
/player/matt-spanos?position=OL, Matt Spanos, OC, USC,  2008
/player/matt-stankiewitch?position=OL, Matt Stankiewitch, OC, Penn State,  2013
/player/matt-stinchcomb?position=OL, Matt Stinchcomb, OT, Georgia,  1999
/player/matt-tennant?position=OL, Matt Tennant, OC, Boston College,  2010
/player/matthew-paradis?position=OL, Matthew Paradis, OC, Boise State,  2014
/player/levi-brown?position=OL, Levi Brown, OT, Penn State,  2007
/player/levi-jones?position=OL, Levi Jones, OT, Arizona State,  2002
/player/logan-mankins?position=OL, Logan Mankins, OG, Fresno State,  2005
/player/louis-vasquez?position=OL, Louis Vasquez, OG, Texas Tech,  2009
/player/louis-williams?position=OL, Louis Williams, OG, LSU,  2001
/player/lucas-brigman?position=OL, Lucas Brigman, OC, Nebraska-Omaha,  2003
/player/lucas-nix?position=OL, Lucas Nix, OG, Pittsburgh,  2012
/player/luke-joeckel?position=OL, Luke Joeckel, OT, Texas A&M,  2013
/player/luke-lucas?position=OL, Luke Lucas, OT, Kansas State,  2014
/player/luke-marquardt?position=OL, Luke Marquardt, OT, Azusa Pacific,  2013
/player/luke-petitgout?position=OL, Luke Petitgout, OT, Notre Dame,  1999
/player/lydon-murtha?position=OL, Lydon Murtha, OT, Nebraska,  2009
/player/makoa-freitas?position=OL, Makoa Freitas, OG, Arizona,  2003
/player/manase-foketi?position=OL, Manase Foketi, OT, West Texas A&M,  2013
/player/mansfield-wrotto?position=OL, Mansfield Wrotto, OG, Georgia Tech,  2007
/player/manuel-ramirez?position=OL, Manuel Ramirez, OG, Texas Tech,  2007
/player/manuia-savea?position=OL, Manuia Savea, OG, Arizona,  2000
/player/marc-colombo?position=OL, Marc Colombo, OT, Boston College,  2002
/player/marcel-jones?position=OL, Marcel Jones, OT, Nebraska,  2012
/player/marcus-cannon?position=OL, Marcus Cannon, OT, TCU,  2011
/player/oday-aboushi?position=OL, Oday Aboushi, OT, Virginia,  2013
/player/omar-smith?position=OL, Omar Smith, OG, Kentucky,  2001
/player/oniel-cousins?position=OL, Oniel Cousins, OT, UTEP,  2008
/player/orlando-franklin?position=OL, Orlando Franklin, OT, Miami,  2011
/player/oscar-johnson?position=OL, Oscar Johnson, OT, Louisiana Tech,  2013
/player/pj-alexander?position=OL, P.J. Alexander, OG, Syracuse,  2002
/player/pj-lonergan?position=OL, P.J. Lonergan, OC, LSU,  2013
/player/palauni-masun?position=OL, Palauni Ma Sun, OG, Oregon,  2007
/player/parker-ehinger?position=OL, Parker Ehinger, OG, Cincinnati,  2016
/player/pat-elflein?position=OL, Pat Elflein, OC, Ohio State,  2017
/player/pat-ross?position=OL, Pat Ross, OC, Boston College,  2006
/player/patrick-venzke?position=OL, Patrick Venzke, OT, Idaho,  2001
/player/paul-cornick?position=OL, Paul Cornick, OT, North Dakota State,  2012
/player/paul-fanaika?position=OL, Paul Fanaika, OG, Arizona State,  2009
/player/paul-hogan?position=OL, Paul Hogan, OC, Alabama,  2001
/player/paul-mcquistan?position=OL, Paul McQuistan, OT, Weber State,  2006
/player/paul-zukauskas?position=OL, Paul Zukauskas, OG, Boston College,  2001
/player/pearce-slater?position=OL, Pearce Slater, OT, San Diego State,  2016
/player/pete-campion?position=OL, Pete Campion, OG, North Dakota State,  2002
/player/pete-lougheed?position=OL, Pete Lougheed, OT, Purdue,  2003
/player/mitchell-schwartz?position=OL, Mitchell Schwartz, OT, California,  2012
/player/mondell-corbett?position=OL, Mondell Corbett, OG, ECU,  1999
/player/montrae-holland?position=OL, Montrae Holland, OG, Florida State,  2003
/player/morgan-moses?position=OL, Morgan Moses, OT, Virginia,  2014
/player/nat-dorsey?position=OL, Nat Dorsey, OT, Georgia Tech,  2004
/player/nate-potter?position=OL, Nate Potter, OT, Boise State,  2012
/player/nate-solder?position=OL, Nate Solder, OT, Colorado,  2011
/player/nate-theaker?position=OL, Nate Theaker, OG, Wayne State (MI),  2017
/player/nathan-bennett?position=OL, Nathan Bennett, OG, Clemson,  2007
/player/nick-becton?position=OL, Nick Becton, OT, Virginia Tech,  2013
/player/nick-hardwick?position=OL, Nick Hardwick, OC, Purdue,  2004
/player/nick-kaczur?position=OL, Nick Kaczur, OT, Toledo,  2005
/player/nick-leckey?position=OL, Nick Leckey, OC, Kansas State,  2004
/player/nick-mangold?position=OL, Nick Mangold, OC, Ohio State,  2006
/player/nick-martin?position=OL, Nick Martin, OG, Notre Dame,  2016
/player/nick-steitz?position=OL, Nick Steitz, OG, Oregon,  2005
/player/nico-siragusa?position=OL, Nico Siragusa, OG, San Diego State,  2017
/player/nila-kasitati?position=OL, Nila Kasitati, OG, Oklahoma,  2016
/player/noel-lamontagne?position=OL, Noel LaMontagne, OG, Virginia,  2000
/player/octavious-bishop?position=OL, Octavious Bishop, OT, Texas,  1999
/player/pete-mcmahon?position=OL, Pete McMahon, OT, Iowa,  2005
/player/peter-konz?position=OL, Peter Konz, OC, Wisconsin,  2012
/player/phil-loadholt?position=OL, Phil Loadholt, OT, Oklahoma,  2009
/player/philip-blake?position=OL, Philip Blake, OC, Baylor,  2012
/player/phillip-armour?position=OL, Phillip Armour, OC, North Texas,  1999
/player/quasim-mitchell?position=OL, Quasim Mitchell, OG, North Carolina A&T,  2002
/player/quentin-saulsberry?position=OL, Quentin Saulsberry, OC, Mississippi State,  2012
/player/quinn-christensen?position=OL, Quinn Christensen, OG, BYU,  2004
/player/quinn-ojinnaka?position=OL, Quinn Ojinnaka, OT, Syracuse,  2006
/player/ramon-foster?position=OL, Ramon Foster, OT, Tennessee,  2009
/player/randy-thomas?position=OL, Randy Thomas, OG, Mississippi State,  1999
/player/rashad-butler?position=OL, Rashad Butler, OT, Miami,  2006
/player/ray-dominguez?position=OL, Ray Dominguez, OG, Arkansas,  2011
/player/ray-feinga?position=OL, Ray Feinga, OG, BYU,  2009
/player/ray-redziniak?position=OL, Ray Redziniak, OG, Illinois,  2001
/player/ray-willis?position=OL, Ray Willis, OT, Florida State,  2005
/player/rees-odhiambo?position=OL, Rees Odhiambo, OG, Boise State,  2016
/player/reese-dismukes?position=OL, Reese Dismukes, OC, Auburn,  2015
/player/reggie-coleman?position=OL, Reggie Coleman, OT, Tennessee,  2002
/player/reggie-wells?position=OL, Reggie Wells, OT, Clarion,  2003
/player/regis-crawford?position=OL, Regis Crawford, OG, Arizona State,  2004
/player/reid-fragel?position=OL, Reid Fragel, OT, Ohio State,  2013
/player/rex-hadnot?position=OL, Rex Hadnot, OC, Houston,  2004
/player/rex-tucker?position=OL, Rex Tucker, OT, Texas A&M,  1999
/player/richard-mercier?position=OL, Richard Mercier, OG, Miami,  2000
/player/richie-incognito?position=OL, Richie Incognito, OC, Nebraska,  2005
/player/rick-demulling?position=OL, Rick DeMulling, OG, Idaho,  2001
/player/rick-nord?position=OL, Rick Nord, OG, Louisville,  1999
/player/ricky-henry?position=OL, Ricky Henry, OG, Nebraska,  2011
/player/ricky-wagner?position=OL, Ricky Wagner, OT, Wisconsin,  2013
/player/riley-reiff?position=OL, Riley Reiff, OT, Iowa,  2012
/player/rishaw-johnson?position=OL, Rishaw Johnson, OG, California (PA),  2012
/player/rob-bruggeman?position=OL, Rob Bruggeman, OC, Iowa,  2009
/player/rob-crisp?position=OL, Rob Crisp, OT, NC State,  2015
/player/rob-havenstein?position=OL, Rob Havenstein, OT, Wisconsin,  2015
/player/rob-hunt?position=OL, Rob Hunt, OC, North Dakota State,  2005
/player/rob-meadow?position=OL, Rob Meadow, OG, Washington,  2006
/player/rob-riti?position=OL, Rob Riti, OC, Missouri,  2000
/player/robbie-doane?position=OL, Robbie Doane, OG, Texas,  2003
/player/robby-felix?position=OL, Robby Felix, OC, UTEP,  2009
/player/robert-brewster?position=OL, Robert Brewster, OT, Ball State,  2009
/player/robert-felton?position=OL, Robert Felton, OG, Arkansas,  2008
/player/robert-gallery?position=OL, Robert Gallery, OT, Iowa,  2004
/player/robert-hunt?position=OL, Robert Hunt, OG, Virginia,  1999
/player/robert-myers?position=OL, Robert Myers, OG, Tennessee State,  2015
/player/roberto-garza?position=OL, Roberto Garza, OC, Texas A&M-Kingsville,  2001
/player/roderick-johnson?position=OL, Roderick Johnson, OT, Florida State,  2017
/player/rodger-saffold?position=OL, Rodger Saffold, OT, Indiana,  2010
/player/rodney-hudson?position=OL, Rodney Hudson, OC, Florida State,  2011
/player/roger-roesler?position=OL, Roger Roesler, OG, Texas,  2000
/player/rogers-gaines?position=OL, Rogers Gaines, OT, Tennessee State,  2013
/player/rokevious-watkins?position=OL, Rokevious Watkins, OG, South Carolina,  2012
/player/ronald-leary?position=OL, Ronald Leary, OG, Memphis,  2012
/player/ronnie-stanley?position=OL, Ronnie Stanley, OT, Notre Dame,  2016
/player/roy-schuening?position=OL, Roy Schuening, OG, Oregon State,  2008
/player/russ-hochstein?position=OL, Russ Hochstein, OG, Nebraska,  2001
/player/russell-bodine?position=OL, Russell Bodine, OC, North Carolina,  2014
/player/russell-okung?position=OL, Russell Okung, OT, Oklahoma State,  2010
/player/ryan-bartholomew?position=OL, Ryan Bartholomew, OC, Syracuse,  2011
/player/ryan-cook?position=OL, Ryan Cook, OT, New Mexico,  2006
/player/ryan-diem?position=OL, Ryan Diem, OT, Northern Illinois,  2001
/player/ryan-groy?position=OL, Ryan Groy, OG, Wisconsin,  2014
/player/ryan-harris?position=OL, Ryan Harris, OT, Notre Dame,  2007
/player/ryan-johanningmeier?position=OL, Ryan Johanningmeier, OG, Colorado,  2000
/player/ryan-kalil?position=OL, Ryan Kalil, OC, USC,  2007
/player/ryan-kelly?position=OL, Ryan Kelly, OC, Alabama,  2016
/player/ryan-miller?position=OL, Ryan Miller, OG, Colorado,  2012
/player/ryan-ocallaghan?position=OL, Ryan O'Callaghan, OT, California,  2006
/player/ryan-ramczyk?position=OL, Ryan Ramczyk, OT, Wisconsin,  2017
/player/ryan-tujague?position=OL, Ryan Tujague, OG, Washington State,  2000
/player/ryan-young?position=OL, Ryan Young, OT, Kansas State,  1999
/player/sam-lightbody?position=OL, Sam Lightbody, OT, Washington State,  2005
/player/sam-tevi?position=OL, Sam Tevi, OT, Utah,  2017
/player/sam-wilder?position=OL, Sam Wilder, OT, Colorado,  2005
/player/sam-young?position=OL, Sam Young, OT, Notre Dame,  2010
/player/samson-satele?position=OL, Samson Satele, OC, Hawai'i,  2007
/player/scott-jackson?position=OL, Scott Jackson, OC, BYU,  2004
/player/scott-kiernan?position=OL, Scott Kiernan, OG, Syracuse,  1999
/player/scott-kooistra?position=OL, Scott Kooistra, OT, NC State,  2003
/player/scott-mruczkowski?position=OL, Scott Mruczkowski, OC, Bowling Green,  2005
/player/scott-peters?position=OL, Scott Peters, OC, Arizona State,  2002
/player/scott-stephenson?position=OL, Scott Stephenson, OC, Iowa State,  2007
/player/scott-tercero?position=OL, Scott Tercero, OG, California,  2003
/player/scott-wells?position=OL, Scott Wells, OC, Tennessee,  2004
/player/scott-young?position=OL, Scott Young, OG, BYU,  2005
/player/sean-bubin?position=OL, Sean Bubin, OT, Illinois,  2004
/player/sean-harlow?position=OL, Sean Harlow, OG, Oregon State,  2017
/player/sean-hickey?position=OL, Sean Hickey, OT, Syracuse,  2015
/player/sean-locklear?position=OL, Sean Locklear, OG, NC State,  2004
/player/sean-mahan?position=OL, Sean Mahan, OG, Notre Dame,  2003
/player/seantrel-henderson?position=OL, Seantrel Henderson, OT, Miami,  2014
/player/sebastian-tretola?position=OL, Sebastian Tretola, OG, Arkansas,  2016
/player/selvish-capers?position=OL, Selvish Capers, OT, West Virginia,  2010
/player/semisi-heimuli?position=OL, Semisi Heimuli, OG, Texas A&M,  2000
/player/senio-kelemete?position=OL, Senio Kelemete, OG, Washington,  2012
/player/seth-mckinney?position=OL, Seth McKinney, OC, Texas A&M,  2002
/player/seth-olsen?position=OL, Seth Olsen, OG, Iowa,  2009
/player/seth-wand?position=OL, Seth Wand, OT, Northwest Missouri State,  2003
/player/shane-olivea?position=OL, Shane Olivea, OT, Ohio State,  2004
/player/shannon-money?position=OL, Shannon Money, OG, Arkansas,  2002
/player/terron-armstead?position=OL, Terron Armstead, OT, Arkansas-Pine Bluff,  2013
/player/terry-poole?position=OL, Terry Poole, OG, San Diego State,  2015
/player/thomas-welch?position=OL, Thomas Welch, OT, Vanderbilt,  2010
/player/tim-brown?position=OL, Tim Brown, OT, West Virginia,  2005
/player/tim-duckworth?position=OL, Tim Duckworth, OG, Auburn,  2007
/player/tim-provost?position=OL, Tim Provost, OT, San Jose State,  2003
/player/tim-stuber?position=OL, Tim Stuber, OG, Colorado State,  2001
/player/toby-cecil?position=OL, Toby Cecil, OC, Texas Tech,  2004
/player/todd-frohbieter?position=OL, Todd Frohbieter, OT, Arkansas State,  1999
/player/todd-mcclure?position=OL, Todd McClure, OC, LSU,  1999
/player/todd-wade?position=OL, Todd Wade, OT, Ole Miss,  2000
/player/todd-williams?position=OL, Todd Williams, OT, Florida State,  2003
/player/tom-ashworth?position=OL, Tom Ashworth, OG, Colorado,  2001
/player/tom-compton?position=OL, Tom Compton, OT, South Dakota,  2012
/player/tom-schau?position=OL, Tom Schau, OC, Illinois,  1999
/player/toniu-fonoti?position=OL, Toniu Fonoti, OG, Nebraska,  2002
/player/tony-bergstrom?position=OL, Tony Bergstrom, OT, Utah,  2012
/player/tony-coats?position=OL, Tony Coats, OG, Washington,  1999
/player/tony-pape?position=OL, Tony Pape, OT, Michigan,  2004
/player/tony-pashos?position=OL, Tony Pashos, OT, Illinois,  2003
/player/shannon-snell?position=OL, Shannon Snell, OG, Florida,  2004
/player/shawn-andrews?position=OL, Shawn Andrews, OT, Arkansas,  2004
/player/shawn-draper?position=OL, Shawn Draper, OG, Alabama,  2001
/player/shawn-lauvao?position=OL, Shawn Lauvao, OG, Arizona State,  2010
/player/shawn-murphy?position=OL, Shawn Murphy, OG, Utah State,  2008
/player/shelley-smith?position=OL, Shelley Smith, OG, Colorado State,  2010
/player/shon-coleman?position=OL, Shon Coleman, OT, Auburn,  2016
/player/solomon-page?position=OL, Solomon Page, OT, West Virginia,  1999
/player/spencer-drango?position=OL, Spencer Drango, OG, Baylor,  2016
/player/spencer-long?position=OL, Spencer Long, OG, Nebraska,  2014
/player/stacy-andrews?position=OL, Stacy Andrews, OT, Ole Miss,  2004
/player/stefen-wisniewski?position=OL, Stefen Wisniewski, OC, Penn State,  2011
/player/stefon-wheeler?position=OL, Stefon Wheeler, OT, Michigan State,  2006
/player/stephane-milhim?position=OL, Stephane Milhim, OT, Massachusetts,  2013
/player/stephane-nembot?position=OL, Stephane Nembot, OT, Colorado,  2016
/player/stephen-peterman?position=OL, Stephen Peterman, OG, LSU,  2004
/player/stephen-schilling?position=OL, Stephen Schilling, OG, Michigan,  2011
/player/stephon-heyer?position=OL, Stephon Heyer, OT, Maryland,  2007
/player/steve-edwards?position=OL, Steve Edwards, OG, UCF,  2002
/player/steve-hutchinson?position=OL, Steve Hutchinson, OG, Michigan,  2001
/player/steve-justice?position=OL, Steve Justice, OC, Wake Forest,  2008
/player/steve-sciullo?position=OL, Steve Sciullo, OT, Marshall,  2003
/player/stockar-mcdougle?position=OL, Stockar McDougle, OT, Oklahoma,  2000
/player/tj-clemmings?position=OL, T.J. Clemmings, OT, Pittsburgh,  2015
/player/tj-johnson?position=OL, T.J. Johnson, OC, South Carolina,  2013
/player/taitusi-lutui?position=OL, Taitusi Lutui, OG, USC,  2006
/player/takoby-cofield?position=OL, Takoby Cofield, OT, Duke,  2015
/player/tango-mccauley?position=OL, Tango McCauley, OG, Alabama State,  2002
/player/tanner-hawkinson?position=OL, Tanner Hawkinson, OT, Kansas,  2013
/player/tarlos-thomas?position=OL, Tarlos Thomas, OT, Florida State,  2001
/player/taylor-decker?position=OL, Taylor Decker, OT, Ohio State,  2016
/player/taylor-dever?position=OL, Taylor Dever, OT, Notre Dame,  2012
/player/taylor-lewan?position=OL, Taylor Lewan, OT, Michigan,  2014
/player/taylor-moton?position=OL, Taylor Moton, OG, Western Michigan,  2017
/player/taylor-whitley?position=OL, Taylor Whitley, OG, Texas A&M,  2003
/player/tayo-fabuluje?position=OL, Tayo Fabuluje, OG, TCU,  2015
/player/ted-larsen?position=OL, Ted Larsen, OC, NC State,  2010
/player/terrance-beadles?position=OL, Terrance Beadles, OG, Arkansas-Pine Bluff,  2000
/player/terrance-pennington?position=OL, Terrance Pennington, OT, New Mexico,  2006
/player/terrence-metcalf?position=OL, Terrence Metcalf, OT, Ole Miss,  2002
/player/troy-reddick?position=OL, Troy Reddick, OG, Auburn,  2006
/player/tupe-peko?position=OL, Tupe Peko, OC, Michigan State,  2001
/player/tutan-reyes?position=OL, Tutan Reyes, OT, Ole Miss,  2000
/player/tyler-johnstone?position=OL, Tyler Johnstone, OT, Oregon,  2016
/player/ty-sambrailo?position=OL, Ty Sambrailo, OT, Colorado State,  2015
/player/tyler-larsen?position=OL, Tyler Larsen, OC, Utah State,  2014
/player/tyler-marz?position=OL, Tyler Marz, OT, Wisconsin,  2016
/player/tyler-orlosky?position=OL, Tyler Orlosky, OC, West Virginia,  2017
/player/tyler-polumbus?position=OL, Tyler Polumbus, OT, Colorado,  2008
/player/tyron-smith?position=OL, Tyron Smith, OT, USC,  2011
/player/tyrone-hopson?position=OL, Tyrone Hopson, OG, Eastern Kentucky,  1999
/player/tyronne-green?position=OL, Tyronne Green, OG, Auburn,  2009
/player/tyrus-thompson?position=OL, Tyrus Thompson, OT, Oklahoma,  2015
/player/tyson-clabo?position=OL, Tyson Clabo, OG, Wake Forest,  2004
/player/uche-nwaneri?position=OL, Uche Nwaneri, OG, Purdue,  2007
/player/ulysses-moore?position=OL, Ulysses Moore, OG, Liberty,  1999
/player/vadal-alexander?position=OL, Vadal Alexander, OG, LSU,  2016
/player/vernon-carey?position=OL, Vernon Carey, OG, Miami,  2004
/player/victor-leyva?position=OL, Victor Leyva, OG, Arizona State,  2001
/player/victor-rogers?position=OL, Victor Rogers, OG, Colorado,  2002
/player/willie-smith?position=OL, Willie Smith, OT, ECU,  2011
/player/xavier-fulton?position=OL, Xavier Fulton, OT, Illinois,  2009
/player/xavier-suafilo?position=OL, Xavier Su'a-Filo, OG, UCLA,  2014
/player/yusef-scott?position=OL, Yusef Scott, OG, Arizona,  1999
/player/zach-allen?position=OL, Zach Allen, OG, NC State,  2013
/player/zach-banner?position=OL, Zach Banner, OT, USC,  2017
/player/zach-fulton?position=OL, Zach Fulton, OG, Tennessee,  2014
/player/zach-hurd?position=OL, Zach Hurd, OG, Connecticut,  2011
/player/zach-piller?position=OL, Zach Piller, OT, Florida,  1999
/player/zach-quaccia?position=OL, Zach Quaccia, OC, Stanford,  2002
/player/zach-strief?position=OL, Zach Strief, OT, Northwestern,  2006
/player/zach-williams?position=OL, Zach Williams, OC, Washington State,  2011
/player/zack-martin?position=OL, Zack Martin, OG, Notre Dame,  2014
/player/zane-beadles?position=OL, Zane Beadles, OG, Utah,  2010
/player/zane-taylor?position=OL, Zane Taylor, OC, Utah,  2011
/player/zebrie-sanders?position=OL, Zebrie Sanders, OT, Florida State,  2012
/player/tony-tella?position=OL, Tony Tella, OG, Miami,  2006
/player/tony-terrell?position=OL, Tony Terrell, OG, UNLV,  2003
/player/tony-ugoh?position=OL, Tony Ugoh, OT, Arkansas,  2007
/player/tony-washington?position=OL, Tony Washington, OT, Abilene Christian,  2010
/player/torrin-tucker?position=OL, Torrin Tucker, OG, Southern Miss,  2003
/player/trai-essex?position=OL, Trai Essex, OT, Northwestern,  2005
/player/trai-turner?position=OL, Trai Turner, OG, LSU,  2014
/player/travelle-wharton?position=OL, Travelle Wharton, OT, South Carolina,  2004
/player/travis-bond?position=OL, Travis Bond, OG, North Carolina,  2013
/player/travis-bright?position=OL, Travis Bright, OG, BYU,  2009
/player/travis-claridge?position=OL, Travis Claridge, OG, USC,  2000
/player/travis-frederick?position=OL, Travis Frederick, OC, Wisconsin,  2013
/player/travis-swanson?position=OL, Travis Swanson, OC, Arkansas,  2014
/player/travis-switzer?position=OL, Travis Switzer, OC, Akron,  2015
/player/tre-jackson?position=OL, Tre' Jackson, OG, Florida State,  2015
/player/trent-williams?position=OL, Trent Williams, OT, Oklahoma,  2010
/player/trenton-brown?position=OL, Trenton Brown, OG, Florida,  2015
/player/trevor-canfield?position=OL, Trevor Canfield, OG, Cincinnati,  2009
/player/trey-darilek?position=OL, Trey Darilek, OG, UTEP,  2004
/player/troy-kropog?position=OL, Troy Kropog, OT, Tulane,  2009
/player/vince-manuwai?position=OL, Vince Manuwai, OG, Hawai'i,  2003
/player/vladimir-ducasse?position=OL, Vladimir Ducasse, OT, Massachusetts,  2010
/player/wade-smith?position=OL, Wade Smith, OT, Memphis,  2003
/player/watts-sanderson?position=OL, Watts Sanderson, OT, South Carolina,  2003
/player/wayne-hunter?position=OL, Wayne Hunter, OT, Hawai'i,  2003
/player/wes-shivers?position=OL, Wes Shivers, OT, Mississippi State,  2000
/player/wes-sims?position=OL, Wes Sims, OT, Oklahoma,  2005
/player/wesley-britt?position=OL, Wesley Britt, OT, Alabama,  2005
/player/wesley-johnson?position=OL, Wesley Johnson, OT, Vanderbilt,  2014
/player/weston-richburg?position=OL, Weston Richburg, OC, Colorado State,  2014
/player/wilbert-brown?position=OL, Wilbert Brown, OG, Houston,  1999
/player/will-cuthbert?position=OL, Will Cuthbert, OG, Alabama,  2001
/player/will-holden?position=OL, Will Holden, OT, Vanderbilt,  2017
/player/will-montgomery?position=OL, Will Montgomery, OC, Virginia Tech,  2006
/player/will-ofenheusle?position=OL, Will Ofenheusle, OT, Tennessee,  2003
/player/will-rackley?position=OL, Will Rackley, OG, Lehigh,  2011
/player/will-robinson?position=OL, Will Robinson, OT, San Diego State,  2008
/player/william-beatty?position=OL, William Beatty, OT, Connecticut,  2009
/player/willie-beavers?position=OL, Willie Beavers, OT, Western Michigan,  2016
/player/willie-jones?position=OL, Willie Jones, OT, Grambling State,  1999
