/player/aj-jefferson?position=DB, A.J. Jefferson, CB, Fresno State,2010
/player/aaron-colvin?position=DB, Aaron Colvin, CB, Oklahoma,2014
/player/aj-stamps?position=DB, A.J. Stamps, S, Kentucky,2016
/player/aaron-francisco?position=DB, Aaron Francisco, S, BYU,2005
/player/aaron-hester?position=DB, Aaron Hester, CB, UCLA,2013
/player/aaron-ross?position=DB, Aaron Ross, CB, Texas,2007
/player/aaron-rouse?position=DB, Aaron Rouse, S, Virginia Tech,2007
/player/aaron-williams-2011?position=DB, Aaron Williams, CB, Texas,2011
/player/abdual-howard?position=DB, Abdual Howard, S, Florida State,2002
/player/abraham-elimimian?position=DB, Abraham Elimimian, CB, Hawai'i,2005
/player/adam-archuleta?position=DB, Adam Archuleta, S, Arizona State,2001
/player/adoree-jackson?position=DB, Adoree' Jackson, CB, USC,2017
/player/adrian-amos?position=DB, Adrian Amos, S, Penn State,2015
/player/adrian-bushell?position=DB, Adrian Bushell, CB, Louisville,2013
/player/adrian-wilson?position=DB, Adrian Wilson, S, NC State,2001
/player/ahkello-witherspoon?position=DB, Ahkello Witherspoon, CB, Colorado,2017
/player/ahmad-black?position=DB, Ahmad Black, S, Florida,2011
/player/ahmad-carroll?position=DB, Ahmad Carroll, CB, Arkansas,2004
/player/ahmad-dixon?position=DB, Ahmad Dixon, S, Baylor,2014
/player/akwasi-owusuansah?position=DB, Akwasi Owusu-Ansah, CB, Indiana (PA),2010
/player/alex-carter?position=DB, Alex Carter, CB, Stanford,2015
/player/alfonzo-dennard?position=DB, Alfonzo Dennard, CB, Nebraska,2012
/player/alphonso-hodge?position=DB, Alphonso Hodge, CB, Miami (Ohio),2005
/player/alphonso-smith?position=DB, Alphonso Smith, CB, Wake Forest,2009
/player/alterraun-verner?position=DB, Alterraun Verner, CB, UCLA,2010
/player/amari-spievey?position=DB, Amari Spievey, CB, Iowa,2010
/player/andre-hal?position=DB, Andre Hal, CB, Vanderbilt,2014
/player/andre-holland?position=DB, Andre Holland, CB, Oregon State,1999
/player/andre-maddox?position=DB, Andre Maddox, S, NC State,2005
/player/andre-weathers?position=DB, Andre Weathers, CB, Michigan,1999
/player/andre-woolfolk?position=DB, Andre Woolfolk, CB, Oklahoma,2003
/player/andrew-mcgee?position=DB, Andrew McGee, CB, Oklahoma State,2011
/player/anthony-arline?position=DB, Anthony Arline, CB, Baylor,2007
/player/anthony-brown?position=DB, Anthony Brown, CB, Purdue,2016
/player/anthony-floyd?position=DB, Anthony Floyd, S, Louisville,2003
/player/anthony-harris?position=DB, Anthony Harris, S, Virginia,2015
/player/anthony-henry?position=DB, Anthony Henry, CB, South Florida,2001
/player/anthony-jefferson?position=DB, Anthony Jefferson, CB, UCLA,2015
/player/anthony-malbrough?position=DB, Anthony Malbrough, CB, Texas Tech,2000
/player/anthony-parker?position=DB, Anthony Parker, CB, Weber State,1999
/player/brandon-ghee?position=DB, Brandon Ghee, CB, Wake Forest,2010
/player/brandon-harris?position=DB, Brandon Harris, CB, Miami,2011
/player/brandon-hogan?position=DB, Brandon Hogan, CB, West Virginia,2011
/player/brandon-hughes?position=DB, Brandon Hughes, CB, Oregon State,2009
/player/brandon-jennings?position=DB, Brandon Jennings, S, Texas A&M,2000
/player/brandon-mcdonald?position=DB, Brandon McDonald, CB, Memphis,2007
/player/brandon-mcgee?position=DB, Brandon McGee, CB, Miami,2013
/player/brandon-meriweather?position=DB, Brandon Meriweather, S, Miami,2007
/player/brandon-sharp?position=DB, Brandon Sharp, S, Louisville,2007
/player/brandon-sumrall?position=DB, Brandon Sumrall, CB, Southern Miss,2008
/player/brandon-taylor?position=DB, Brandon Taylor, S, LSU,2012
/player/brandon-underwood?position=DB, Brandon Underwood, S, Cincinnati,2009
/player/brandon-williams-2016?position=DB, Brandon Williams, CB, Texas A&M,2016
/player/brandyn-thompson?position=DB, Brandyn Thompson, CB, Boise State,2011
/player/brendan-langley?position=DB, Brendan Langley, CB, Lamar,2017
/player/brian-allen-2017?position=DB, Brian Allen, DB, Utah,2017
/player/brian-bonner?position=DB, Brian Bonner, S, TCU,2008
/player/brian-gray?position=DB, Brian Gray, CB, BYU,2000
/player/brian-jackson?position=DB, Brian Jackson, CB, Oklahoma,2010
/player/brian-mance?position=DB, Brian Mance, CB, Clemson,2003
/player/darnell-terrell?position=DB, Darnell Terrell, CB, Missouri,2008
/player/darqueze-dennard?position=DB, Darqueze Dennard, CB, Michigan State,2014
/player/darrell-brooks?position=DB, Darrell Brooks, S, Arizona,2006
/player/darrell-hunter?position=DB, Darrell Hunter, CB, Miami (Ohio),2006
/player/darrell-stuckey?position=DB, Darrell Stuckey, S, Kansas,2010
/player/darrent-williams?position=DB, Darrent Williams, CB, Oklahoma State,2005
/player/darrick-vaughn?position=DB, Darrick Vaughn, CB, Texas State,2000
/player/daryl-dixon?position=DB, Daryl Dixon, S, Florida,2004
/player/daryl-worley?position=DB, Daryl Worley, CB, West Virginia,2016
/player/dashon-goldson?position=DB, Dashon Goldson, S, Washington,2007
/player/david-amerson?position=DB, David Amerson, CB, NC State,2013
/player/david-barrett?position=DB, David Barrett, CB, Arkansas,2000
/player/david-bruton?position=DB, David Bruton, S, Notre Dame,2009
/player/david-byrd?position=DB, David Byrd, CB, Syracuse,2000
/player/daven-holly?position=DB, Daven Holly, CB, Cincinnati,2005
/player/david-irons?position=DB, David Irons, CB, Auburn,2007
/player/david-macklin?position=DB, David Macklin, CB, Penn State,2000
/player/david-pender?position=DB, David Pender, CB, Purdue,2010
/player/david-pittman?position=DB, David Pittman, CB, Northwestern State,2006
/player/david-roach?position=DB, David Roach, S, TCU,2008
/player/craig-loston?position=DB, Craig Loston, S, LSU,2014
/player/craig-mager?position=DB, Craig Mager, CB, Texas State,2015
/player/crezdon-butler?position=DB, Crezdon Butler, CB, Clemson,2010
/player/curry-burns?position=DB, Curry Burns, S, Louisville,2003
/player/curtis-brown?position=DB, Curtis Brown, CB, Texas,2011
/player/curtis-deloatch?position=DB, Curtis DeLoatch, CB, North Carolina A&T,2004
/player/curtis-fuller?position=DB, Curtis Fuller, S, TCU,2001
/player/curtis-marsh?position=DB, Curtis Marsh, CB, Utah State,2011
/player/curtis-taylor?position=DB, Curtis Taylor, S, LSU,2009
/player/cyhl-quarles?position=DB, Cyhl Quarles, S, Wake Forest,2012
/player/cyrus-jones?position=DB, Cyrus Jones, CB, Alabama,2016
/player/danton-lynn?position=DB, D'Anton Lynn, CB, Penn State,2012
/player/djoun-smith?position=DB, D'Joun Smith, CB, Florida Atlantic,2015
/player/dj-hayden?position=DB, D.J. Hayden, CB, Houston,2013
/player/dj-moore?position=DB, D.J. Moore, CB, Vanderbilt,2009
/player/dj-parker?position=DB, D.J. Parker, S, Virginia Tech,2008
/player/dj-swearinger?position=DB, D.J. Swearinger, S, South Carolina,2013
/player/dj-white?position=DB, D.J. White, CB, Georgia Tech,2016
/player/dj-wolfe?position=DB, D.J. Wolfe, S, Oklahoma,2008
/player/danorris-searcy?position=DB, Da'Norris Searcy, S, North Carolina,2011
/player/cleveland-wallace?position=DB, Cleveland Wallace, CB, San Jose State,2016
/player/cliff-harris?position=DB, Cliff Harris, CB, Oregon,2012
/player/cody-grimm?position=DB, Cody Grimm, S, Virginia Tech,2010
/player/cody-prewitt?position=DB, Cody Prewitt, S, Ole Miss,2015
/player/colin-branch?position=DB, Colin Branch, S, Stanford,2003
/player/cordrea-tankersley?position=DB, Cordrea Tankersley, CB, Clemson,2017
/player/corey-hall?position=DB, Corey Hall, S, Appalachian State,2001
/player/corey-webster?position=DB, Corey Webster, CB, LSU,2005
/player/corey-white?position=DB, Corey White, S, Samford,2012
/player/corn-elder?position=DB, Corn Elder, CB, Miami,2017
/player/cornelius-brown?position=DB, Cornelius Brown, CB, UTEP,2010
/player/cortez-allen?position=DB, Cortez Allen, CB, Citadel,2011
/player/cory-bird?position=DB, Cory Bird, S, Virginia Tech,2001
/player/cory-hall?position=DB, Cory Hall, S, Fresno State,1999
/player/coryell-judie?position=DB, Coryell Judie, CB, Texas A&M,2012
/player/coty-sensabaugh?position=DB, Coty Sensabaugh, CB, Clemson,2012
/player/courtney-greene?position=DB, Courtney Greene, S, Rutgers,2009
/player/coy-wire?position=DB, Coy Wire, S, Stanford,2002
/player/coye-francies?position=DB, Coye Francies, CB, San Jose State,2009
/player/craig-dahl?position=DB, Craig Dahl, S, North Dakota State,2007
/player/anthony-smith?position=DB, Anthony Smith, S, Syracuse,2006
/player/antoine-bethea?position=DB, Antoine Bethea, S, Howard,2006
/player/antoine-cason?position=DB, Antoine Cason, CB, Arizona,2008
/player/antoine-winfield?position=DB, Antoine Winfield, CB, Ohio State,1999
/player/antone-exum?position=DB, Antone Exum, CB, Virginia Tech,2014
/player/antonio-allen?position=DB, Antonio Allen, S, South Carolina,2012
/player/antonio-cromartie?position=DB, Antonio Cromartie, CB, Florida State,2006
/player/antonio-fenelus?position=DB, Antonio Fenelus, CB, Wisconsin,2012
/player/antonio-malone?position=DB, Antonio Malone, CB, Toledo,2006
/player/antonio-perkins?position=DB, Antonio Perkins, CB, Oklahoma,2005
/player/antrel-rolle?position=DB, Antrel Rolle, CB, Miami,2005
/player/antuan-edwards?position=DB, Antuan Edwards, S, Clemson,1999
/player/antwan-harris?position=DB, Antwan Harris, CB, Virginia,2000
/player/antwaun-molden?position=DB, Antwaun Molden, CB, Eastern Kentucky,2008
/player/antwoine-sanders?position=DB, Antwoine Sanders, S, Utah,2003
/player/antwuan-reed?position=DB, Antwuan Reed, CB, Pittsburgh,2012
/player/aqib-talib?position=DB, Aqib Talib, CB, Kansas,2008
/player/aric-morris?position=DB, Aric Morris, S, Michigan State,2000
/player/aric-williams?position=DB, Aric Williams, CB, Oregon State,2005
/player/armon-hatcher?position=DB, Armon Hatcher, S, Oregon State,1999
/player/captain-munnerlyn?position=DB, Captain Munnerlyn, CB, South Carolina,2009
/player/carey-scott?position=DB, Carey Scott, CB, Kentucky State,2001
/player/carl-nesmith?position=DB, Carl Nesmith, S, Kansas,2001
/player/carlos-rogers?position=DB, Carlos Rogers, CB, Auburn,2005
/player/cary-harris?position=DB, Cary Harris, CB, USC,2009
/player/casey-hayward?position=DB, Casey Hayward, CB, Vanderbilt,2012
/player/cato-june?position=DB, Cato June, S, Michigan,2003
/player/cedric-griffin?position=DB, Cedric Griffin, S, Texas,2006
/player/cedrick-williams?position=DB, Cedrick Williams, CB, Kansas State,2005
/player/chad-jones?position=DB, Chad Jones, S, LSU,2010
/player/chad-nkang?position=DB, Chad Nkang, S, Missouri,2007
/player/chad-williams?position=DB, Chad Williams, S, Southern Miss,2002
/player/champ-bailey?position=DB, Champ Bailey, CB, Georgia,1999
/player/channing-stribling?position=DB, Channing Stribling, CB, Michigan,2017
/player/charles-brown-2012?position=DB, Charles Brown, CB, North Carolina,2012
/player/charles-drake?position=DB, Charles Drake, S, Michigan,2003
/player/charles-fisher?position=DB, Charles Fisher, CB, West Virginia,1999
/player/charles-gaines?position=DB, Charles Gaines, CB, Louisville,2015
/player/charles-godfrey?position=DB, Charles Godfrey, CB, Iowa,2008
/player/charles-gordon?position=DB, Charles Gordon, CB, Kansas,2006
/player/derek-pegues?position=DB, Derek Pegues, S, Mississippi State,2009
/player/derrick-gibson?position=DB, Derrick Gibson, S, Florida State,2001
/player/derrick-johnson-2005?position=DB, Derrick Johnson, CB, Texas,2005
/player/derrick-kindred?position=DB, Derrick Kindred, S, TCU,2016
/player/derrick-martin?position=DB, Derrick Martin, CB, Wyoming,2006
/player/derron-smith?position=DB, Derron Smith, S, Fresno State,2015
/player/deshone-mallard?position=DB, Deshone Mallard, CB, Southern Miss,1999
/player/desmond-king?position=DB, Desmond King, S, Iowa,2017
/player/desmond-trufant?position=DB, Desmond Trufant, CB, Washington,2013
/player/detrick-bonner?position=DB, Detrick Bonner, S, Virginia Tech,2015
/player/devin-chappell?position=DB, Devin Chappell, S, Oregon State,2017
/player/devin-mccourty?position=DB, Devin McCourty, CB, Rutgers,2010
/player/devin-ross?position=DB, Devin Ross, CB, Arizona,2010
/player/devon-torrence?position=DB, Devon Torrence, CB, Ohio State,2011
/player/dexter-jackson?position=DB, Dexter Jackson, S, Florida State,1999
/player/dexter-mcdougle?position=DB, Dexter McDougle, CB, Maryland,2014
/player/dexter-wynn?position=DB, Dexter Wynn, CB, Colorado State,2004
/player/dezmen-southward?position=DB, Dezmen Southward, S, Wisconsin,2014
/player/diamond-ferri?position=DB, Diamond Ferri, S, Syracuse,2005
/player/dion-bailey?position=DB, Dion Bailey, S, USC,2014
/player/charles-mitchell?position=DB, Charles Mitchell, S, Mississippi State,2012
/player/charles-tillman?position=DB, Charles Tillman, CB, Louisiana-Lafayette,2003
/player/charlie-peprah?position=DB, Charlie Peprah, S, Alabama,2006
/player/chase-minnifield?position=DB, Chase Minnifield, CB, Virginia,2012
/player/chaz-powell?position=DB, Chaz Powell, CB, Penn State,2012
/player/chaz-williams?position=DB, Chaz Williams, CB, Louisiana-Monroe,2007
/player/chevis-jackson?position=DB, Chevis Jackson, CB, LSU,2008
/player/chidobe-awuzie?position=DB, Chidobe Awuzie, CB, Colorado,2017
/player/chijioke-onyenegecha?position=DB, Chijioke Onyenegecha, CB, Oklahoma,2006
/player/chimdi-chekwa?position=DB, Chimdi Chekwa, CB, Ohio State,2011
/player/chinedum-ndukwe?position=DB, Chinedum Ndukwe, S, Notre Dame,2007
/player/chip-vaughn?position=DB, Chip Vaughn, S, Wake Forest,2009
/player/chris-brown-2003?position=DB, Chris Brown, S, Hawai'i,2003
/player/chris-chancellor?position=DB, Chris Chancellor, CB, Clemson,2010
/player/chris-clemons-2009?position=DB, Chris Clemons, S, Clemson,2009
/player/chris-conte?position=DB, Chris Conte, S, California,2011
/player/chris-cook?position=DB, Chris Cook, CB, Virginia,2010
/player/chris-culliver?position=DB, Chris Culliver, S, South Carolina,2011
/player/chris-cummings?position=DB, Chris Cummings, CB, LSU,1999
/player/chris-davis-2014?position=DB, Chris Davis, CB, Auburn,2014
/player/david-sims?position=DB, David Sims, S, Iowa State,2011
/player/davon-house?position=DB, Davon House, CB, New Mexico State,2011
/player/dawan-landry?position=DB, Dawan Landry, S, Georgia Tech,2006
/player/daxton-swanson?position=DB, Daxton Swanson, CB, Sam Houston State,2013
/player/daylon-mccutcheon?position=DB, Daylon McCutcheon, CB, USC,1999
/player/daymeion-hughes?position=DB, Daymeion Hughes, CB, California,2007
/player/devante-harris?position=DB, De'Vante Harris, CB, Texas A&M,2016
/player/deandre-eiland?position=DB, DeAndre Eiland, S, South Carolina,2004
/player/deandre-elliott?position=DB, DeAndre Elliott, CB, Colorado State,2016
/player/deandre-houstoncarson?position=DB, DeAndre Houston-Carson, S, William & Mary,2016
/player/deandre-mcdaniel?position=DB, DeAndre McDaniel, S, Clemson,2011
/player/deandre-presley?position=DB, DeAndre Presley, CB, Appalachian State,2012
/player/deandre-wright?position=DB, DeAndre Wright, CB, New Mexico,2009
/player/deangelo-hall?position=DB, DeAngelo Hall, CB, Virginia Tech,2004
/player/deangelo-smith?position=DB, DeAngelo Smith, CB, Cincinnati,2009
/player/dejon-gomes?position=DB, DeJon Gomes, S, Nebraska,2011
/player/dejuan-groce?position=DB, DeJuan Groce, CB, Nebraska,2003
/player/dejuan-tribble?position=DB, DeJuan Tribble, CB, Boston College,2008
/player/demario-minter?position=DB, DeMario Minter, CB, Georgia,2006
/player/dequan-menzie?position=DB, DeQuan Menzie, CB, Alabama,2012
/player/dean-marlowe?position=DB, Dean Marlowe, S, James Madison,2015
/player/dee-mccann?position=DB, Dee McCann, CB, West Virginia,2006
/player/dee-milliner?position=DB, Dee Milliner, CB, Alabama,2013
/player/dee-moronkola?position=DB, Dee Moronkola, CB, Washington State,1999
/player/dee-webb?position=DB, Dee Webb, CB, Florida,2006
/player/deion-belue?position=DB, Deion Belue, CB, Alabama,2014
/player/deiondre-hall?position=DB, Deiondre' Hall, CB, Northern Iowa,2016
/player/delano-hill?position=DB, Delano Hill, S, Michigan,2017
/player/delano-howell?position=DB, Delano Howell, S, Stanford,2012
/player/demarcus-faggins?position=DB, Demarcus Faggins, CB, Kansas State,2002
/player/demarcus-vandyke?position=DB, Demarcus Van Dyke, CB, Miami,2011
/player/demetri-goodson?position=DB, Demetri Goodson, CB, Baylor,2014
/player/demetrius-mccray?position=DB, Demetrius McCray, CB, Appalachian State,2013
/player/dennis-keyes?position=DB, Dennis Keyes, S, UCLA,2008
/player/dennis-rogan?position=DB, Dennis Rogan, S, Tennessee,2010
/player/dennis-weathersby?position=DB, Dennis Weathersby, CB, Oregon State,2003
/player/deon-bush?position=DB, Deon Bush, S, Miami,2016
/player/deon-grant?position=DB, Deon Grant, S, Tennessee,2000
/player/deone-bucannon?position=DB, Deone Bucannon, S, Washington State,2014
/player/derek-pagel?position=DB, Derek Pagel, S, Iowa,2003
/player/duke-ihenacho?position=DB, Duke Ihenacho, S, San Jose State,2012
/player/dunta-robinson?position=DB, Dunta Robinson, CB, South Carolina,2004
/player/durell-eskridge?position=DB, Durell Eskridge, S, Syracuse,2015
/player/duron-harmon?position=DB, Duron Harmon, S, Rutgers,2013
/player/dustin-fox?position=DB, Dustin Fox, S, Ohio State,2005
/player/dwayne-gratz?position=DB, Dwayne Gratz, CB, Connecticut,2013
/player/dwayne-slay?position=DB, Dwayne Slay, S, Texas Tech,2006
/player/dwight-bentley?position=DB, Dwight Bentley, CB, Louisiana-Lafayette,2012
/player/dwight-lowery?position=DB, Dwight Lowery, CB, San Jose State,2008
/player/dwight-smith?position=DB, Dwight Smith, CB, Akron,2001
/player/dwyte-smiley?position=DB, Dwyte Smiley, S, Youngstown State,2000
/player/ej-gaines?position=DB, E.J. Gaines, CB, Missouri,2014
/player/earl-thomas?position=DB, Earl Thomas, CB, Texas,2010
/player/earl-wolff?position=DB, Earl Wolff, S, NC State,2013
/player/ed-reynolds?position=DB, Ed Reynolds, S, Stanford,2014
/player/eddie-jackson?position=DB, Eddie Jackson, S, Alabama,2017
/player/eddie-pleasant?position=DB, Eddie Pleasant, S, Oregon,2012
/player/eli-apple?position=DB, Eli Apple, CB, Ohio State,2016
/player/elijah-shumate?position=DB, Elijah Shumate, S, Notre Dame,2016
/player/ellis-hobbs?position=DB, Ellis Hobbs, CB, Iowa State,2005
/player/arnold-parker?position=DB, Arnold Parker, S, Utah,2004
/player/art-maulet?position=DB, Art Maulet, DB, Memphis,2017
/player/artie-burns?position=DB, Artie Burns, CB, Miami,2016
/player/arturo-freeman?position=DB, Arturo Freeman, S, South Carolina,2000
/player/asa-jackson?position=DB, Asa Jackson, CB, Cal Poly,2012
/player/asante-samuel?position=DB, Asante Samuel, CB, UCF,2003
/player/asher-allen?position=DB, Asher Allen, CB, Georgia,2009
/player/ashley-cooper?position=DB, Ashley Cooper, S, Mississippi State,2000
/player/ashton-lampkin?position=DB, Ashton Lampkin, CB, Oklahoma State,2017
/player/atari-bigby?position=DB, Atari Bigby, S, UCF,2005
/player/atcheson-conway?position=DB, Atcheson Conway, S, Bowie State,2005
/player/bj-tucker?position=DB, B.J. Tucker, CB, Wisconsin,2003
/player/bw-webb?position=DB, B.W. Webb, CB, William & Mary,2013
/player/barry-church?position=DB, Barry Church, S, Toledo,2010
/player/bashaud-breeland?position=DB, Bashaud Breeland, CB, Clemson,2014
/player/bacarri-rambo?position=DB, Bacarri Rambo, S, Georgia,2013
/player/ben-emanuel?position=DB, Ben Emanuel, S, UCLA,2005
/player/ben-kelly?position=DB, Ben Kelly, CB, Colorado,2000
/player/bene-benwikere?position=DB, Bene  Benwikere, CB, San Jose State,2014
/player/bennett-jackson?position=DB, Bennett Jackson, CB, Notre Dame,2014
/player/brian-williams?position=DB, Brian Williams, CB, NC State,2002
/player/briean-boddycalhoun?position=DB, Briean Boddy-Calhoun, CB, Minnesota,2016
/player/brock-vereen?position=DB, Brock Vereen, S, Minnesota,2014
/player/brock-williams?position=DB, Brock Williams, CB, Notre Dame,2001
/player/bruce-branch?position=DB, Bruce Branch, CB, Penn State,2002
/player/bruce-johnson?position=DB, Bruce Johnson, CB, Miami,2009
/player/bruce-thornton?position=DB, Bruce Thornton, CB, Georgia,2004
/player/bryan-scott?position=DB, Bryan Scott, S, Penn State,2003
/player/bryant-mcfadden?position=DB, Bryant McFadden, CB, Florida State,2005
/player/budda-baker?position=DB, Budda Baker, S, Washington,2017
/player/buster-skrine?position=DB, Buster Skrine, CB, Tennessee-Chattanooga,2011
/player/byron-jones?position=DB, Byron Jones, CB, Connecticut,2015
/player/byron-maxwell?position=DB, Byron Maxwell, CB, Clemson,2011
/player/cj-gaddis?position=DB, C.J. Gaddis, S, Clemson,2007
/player/cj-spillman?position=DB, C.J. Spillman, S, Marshall,2009
/player/cj-wilson?position=DB, C.J. Wilson, CB, Baylor,2007
/player/calvin-lowry?position=DB, Calvin Lowry, S, Penn State,2006
/player/caleb-campbell?position=DB, Caleb Campbell, S, Army,2008
/player/calvin-pryor?position=DB, Calvin Pryor, S, Louisville,2014
/player/cameron-sutton?position=DB, Cameron Sutton, CB, Tennessee,2017
/player/emanuel-cook?position=DB, Emanuel Cook, S, South Carolina,2009
/player/emile-white?position=DB, Emile White, S, Houston,2001
/player/eric-berry?position=DB, Eric Berry, S, Tennessee,2010
/player/eric-edwards?position=DB, Eric Edwards, CB, Oregon,1999
/player/eric-frampton?position=DB, Eric Frampton, S, Washington State,2007
/player/eric-green?position=DB, Eric Green, CB, Virginia Tech,2005
/player/eric-hagg?position=DB, Eric Hagg, S, Nebraska,2011
/player/eric-johnson?position=DB, Eric Johnson, S, Nebraska,2000
/player/eric-joyce?position=DB, Eric Joyce, CB, Tennessee State,2002
/player/eric-kelly?position=DB, Eric Kelly, CB, Kentucky,2001
/player/eric-king-2005?position=DB, Eric King, CB, Wake Forest,2005
/player/eric-murray?position=DB, Eric Murray, CB, Minnesota,2016
/player/eric-reid?position=DB, Eric Reid, S, LSU,2013
/player/eric-rowe?position=DB, Eric Rowe, CB, Utah,2015
/player/eric-smith?position=DB, Eric Smith, S, Michigan State,2006
/player/eric-thigpen?position=DB, Eric Thigpen, S, Iowa,1999
/player/eric-weddle?position=DB, Eric Weddle, S, Utah,2007
/player/eric-wright?position=DB, Eric Wright, CB, UNLV,2007
/player/erik-coleman?position=DB, Erik Coleman, S, Washington State,2004
/player/erik-olson?position=DB, Erik Olson, S, Colorado,2000
/player/bernard-pollard?position=DB, Bernard Pollard, S, Purdue,2006
/player/billy-gustin?position=DB, Billy Gustin, S, Purdue,1999
/player/bhawoh-jue?position=DB, Bhawoh Jue, CB, Penn State,2001
/player/blidi-wrehwilson?position=DB, Blidi Wreh-Wilson, CB, Connecticut,2013
/player/bo-smith?position=DB, Bo Smith, CB, Weber State,2007
/player/bob-sanders?position=DB, Bob Sanders, S, Iowa,2004
/player/bobby-gray?position=DB, Bobby Gray, S, Louisiana Tech,2002
/player/bobby-jackson?position=DB, Bobby Jackson, S, Illinois,2002
/player/bobby-mccain?position=DB, Bobby McCain, CB, Memphis,2015
/player/bobby-myers?position=DB, Bobby Myers, S, Wisconsin,2000
/player/bobby-sippio?position=DB, Bobby Sippio, CB, Western Kentucky,2002
/player/brad-ware?position=DB, Brad Ware, S, Auburn,1999
/player/bradley-fletcher?position=DB, Bradley Fletcher, CB, Iowa,2009
/player/bradley-mcdougald?position=DB, Bradley McDougald, S, Kansas,2013
/player/bradley-roby?position=DB, Bradley Roby, CB, Ohio State,2014
/player/brandon-boykin?position=DB, Brandon Boykin, CB, Georgia,2012
/player/brandon-browner?position=DB, Brandon Browner, CB, Oregon State,2005
/player/brandon-burton?position=DB, Brandon Burton, CB, Utah,2011
/player/brandon-dixon?position=DB, Brandon Dixon, CB, Northwest Missouri State,2014
/player/brandon-flowers?position=DB, Brandon Flowers, CB, Virginia Tech,2008
/player/dominique-barber?position=DB, Dominique Barber, S, Minnesota,2008
/player/dominique-franks?position=DB, Dominique Franks, CB, Oklahoma,2010
/player/dominique-rodgerscromartie?position=DB, Dominique Rodgers-Cromartie, CB, Tennessee State,2008
/player/domonique-foxworth?position=DB, Domonique Foxworth, CB, Maryland,2005
/player/domonique-johnson?position=DB, Domonique Johnson, CB, Jackson State,2009
/player/don-carey?position=DB, Don Carey, CB, Norfolk State,2009
/player/donald-celiscar?position=DB, Donald Celiscar, CB, Western Michigan,2015
/player/donald-mitchell?position=DB, Donald Mitchell, CB, SMU,1999
/player/donald-strickland?position=DB, Donald Strickland, CB, Colorado,2003
/player/donald-washington?position=DB, Donald Washington, CB, Ohio State,2009
/player/donnie-nickey?position=DB, Donnie Nickey, S, Ohio State,2003
/player/donovan-warren?position=DB, Donovan Warren, S, Michigan,2010
/player/dontae-johnson?position=DB, Dontae Johnson, S, NC State,2014
/player/donte-nicholson?position=DB, Donte Nicholson, S, Oklahoma,2005
/player/donte-whitner?position=DB, Donte Whitner, S, Ohio State,2006
/player/doran-grant?position=DB, Doran Grant, CB, Ohio State,2015
/player/drayton-florence?position=DB, Drayton Florence, CB, Tuskegee,2003
/player/dre-kirkpatrick?position=DB, Dre Kirkpatrick, CB, Alabama,2012
/player/dre-bly?position=DB, Dre' Bly, CB, North Carolina,1999
/player/duane-coleman?position=DB, Duane Coleman, CB, Clemson,2007
/player/dajuan-morgan?position=DB, DaJuan Morgan, S, NC State,2008
/player/daimion-stafford?position=DB, Daimion Stafford, S, Nebraska,2013
/player/damarious-randall?position=DB, Damarious Randall, S, Arizona State,2015
/player/damarius-travis?position=DB, Damarius Travis, S, Minnesota,2017
/player/damian-swann?position=DB, Damian Swann, CB, Georgia,2015
/player/damon-moore?position=DB, Damon Moore, S, Ohio State,1999
/player/damon-wheeler?position=DB, Damon Wheeler, CB, Colorado,2000
/player/damontae-kazee?position=DB, Damontae Kazee, CB, San Diego State,2017
/player/dan-dawson?position=DB, Dan Dawson, S, Rice,2002
/player/danieal-manning?position=DB, Danieal Manning, CB, Abilene Christian,2006
/player/daniel-bullocks?position=DB, Daniel Bullocks, S, Nebraska,2006
/player/daniel-sorensen?position=DB, Daniel Sorensen, S, BYU,2014
/player/dante-wesley?position=DB, Dante Wesley, CB, Arkansas-Pine Bluff,2002
/player/darcel-mcbath?position=DB, Darcel McBath, S, Texas Tech,2009
/player/daren-stone?position=DB, Daren Stone, S, Maine,2007
/player/darian-stewart?position=DB, Darian Stewart, S, South Carolina,2010
/player/darian-thompson?position=DB, Darian Thompson, S, Boise State,2016
/player/darius-butler?position=DB, Darius Butler, CB, Connecticut,2009
/player/darius-slay?position=DB, Darius Slay, CB, Mississippi State,2013
/player/darnell-bing?position=DB, Darnell Bing, S, USC,2006
/player/chris-hackett?position=DB, Chris Hackett, S, TCU,2015
/player/chris-harrell?position=DB, Chris Harrell, S, Penn State,2006
/player/chris-harris?position=DB, Chris Harris, S, Kansas,2011
/player/chris-hawkins?position=DB, Chris Hawkins, CB, Marshall,2006
/player/chris-hawkins-2010?position=DB, Chris Hawkins, CB, LSU,2010
/player/chris-hope?position=DB, Chris Hope, S, Florida State,2002
/player/chris-horton?position=DB, Chris Horton, S, UCLA,2008
/player/chris-houston?position=DB, Chris Houston, CB, Arkansas,2007
/player/chris-mcalister?position=DB, Chris McAlister, CB, Arizona,1999
/player/chris-mckenzie?position=DB, Chris McKenzie, CB, Arizona State,2005
/player/chris-rucker?position=DB, Chris Rucker, CB, Michigan State,2011
/player/chris-thompson?position=DB, Chris Thompson, CB, Nicholls State,2004
/player/chris-watson?position=DB, Chris Watson, CB, Eastern Illinois,1999
/player/chris-young?position=DB, Chris Young, S, Georgia Tech,2002
/player/christian-thompson?position=DB, Christian Thompson, S, South Carolina State,2012
/player/christopher-owens?position=DB, Christopher Owens, CB, San Jose State,2009
/player/chuck-clark?position=DB, Chuck Clark, DB, Virginia Tech,2017
/player/chykie-brown?position=DB, Chykie Brown, CB, Texas,2011
/player/clayton-geathers?position=DB, Clayton Geathers, S, UCF,2015
/player/clevan-thomas?position=DB, Clevan Thomas, CB, Florida State,2001
/player/ethan-howell?position=DB, Ethan Howell, CB, Oklahoma State,2000
/player/eugene-wilson?position=DB, Eugene Wilson, CB, Illinois,2003
/player/etric-pruitt?position=DB, Etric Pruitt, S, Southern Miss,2004
/player/fabian-moreau?position=DB, Fabian Moreau, CB, UCLA,2017
/player/ezra-robinson?position=DB, Ezra Robinson, CB, Tennessee State,2017
/player/fabian-washington?position=DB, Fabian Washington, CB, Nebraska,2005
/player/fernando-bryant?position=DB, Fernando Bryant, CB, Alabama,1999
/player/fred-bennett?position=DB, Fred Bennett, CB, South Carolina,2007
/player/fred-vinson?position=DB, Fred Vinson, CB, Vanderbilt,1999
/player/gana-joseph?position=DB, Gana Joseph, S, Oklahoma,1999
/player/gareon-conley?position=DB, Gareon Conley, CB, Ohio State,2017
/player/garry-peters?position=DB, Garry Peters, CB, Clemson,2015
/player/gary-baxter?position=DB, Gary Baxter, CB, Baylor,2001
/player/george-iloka?position=DB, George Iloka, S, Boise State,2012
/player/gerald-alexander?position=DB, Gerald Alexander, S, Boise State,2007
/player/gerald-neasman?position=DB, Gerald Neasman, CB, Kansas State,1999
/player/gerald-sensabaugh?position=DB, Gerald Sensabaugh, S, North Carolina,2005
/player/gerod-holliman?position=DB, Gerod Holliman, S, Louisville,2015
/player/gerome-sapp?position=DB, Gerome Sapp, S, Notre Dame,2003
/player/gerrick-mcphearson?position=DB, Gerrick McPhearson, CB, Maryland,2006
/player/jaquiski-tartt?position=DB, Jaquiski Tartt, S, Samford,2015
/player/jarrad-page?position=DB, Jarrad Page, S, UCLA,2006
/player/jarrod-cooper?position=DB, Jarrod Cooper, S, Kansas State,2001
/player/jarvis-herring?position=DB, Jarvis Herring, S, Florida,2006
/player/jason-allen?position=DB, Jason Allen, S, Tennessee,2006
/player/jason-bray?position=DB, Jason Bray, CB, Auburn,1999
/player/jason-craft?position=DB, Jason Craft, CB, Colorado State,1999
/player/jason-goss?position=DB, Jason Goss, CB, TCU,2003
/player/jason-harmon?position=DB, Jason Harmon, S, Michigan State,2005
/player/jason-hebert?position=DB, Jason Hebert, S, Rice,2002
/player/jason-perry?position=DB, Jason Perry, S, NC State,1999
/player/jason-shivers?position=DB, Jason Shivers, S, Arizona State,2004
/player/jason-verrett?position=DB, Jason Verrett, CB, TCU,2014
/player/jason-webster?position=DB, Jason Webster, CB, Texas A&M,2000
/player/javier-arenas?position=DB, Javier Arenas, CB, Alabama,2010
/player/jawanza-starling?position=DB, Jawanza Starling, S, USC,2013
/player/jayjay-johnson?position=DB, Jay Jay Johnson, CB, Purdue,2013
/player/jaylen-watkins?position=DB, Jaylen Watkins, CB, Florida,2014
/player/jayron-hosley?position=DB, Jayron Hosley, CB, Virginia Tech,2012
/player/jayron-kearse?position=DB, Jayron Kearse, S, Clemson,2016
/player/gibril-wilson?position=DB, Gibril Wilson, S, Tennessee,2004
/player/glenn-earl?position=DB, Glenn Earl, S, Notre Dame,2004
/player/glover-quin?position=DB, Glover Quin, S, New Mexico,2009
/player/greg-blue?position=DB, Greg Blue, S, Georgia,2006
/player/greg-reid?position=DB, Greg Reid, CB, Florida State,2013
/player/guss-scott?position=DB, Guss Scott, S, Florida,2004
/player/haha-clintondix?position=DB, Ha Ha Clinton-Dix, S, Alabama,2014
/player/hamza-abdullah?position=DB, Hamza Abdullah, S, Washington State,2005
/player/hanik-milligan?position=DB, Hanik Milligan, S, Houston,2003
/player/hank-poteat?position=DB, Hank Poteat, CB, Pittsburgh,2000
/player/harlan-miller?position=DB, Harlan Miller, CB, Southeastern Louisiana,2016
/player/harold-blackmon?position=DB, Harold Blackmon, CB, Northwestern,2001
/player/harrison-smith?position=DB, Harrison Smith, S, Notre Dame,2012
/player/harry-coleman?position=DB, Harry Coleman, S, LSU,2010
/player/howard-wilson?position=DB, Howard Wilson, CB, Houston,2017
/player/husain-abdullah?position=DB, Husain Abdullah, S, Washington State,2008
/player/ibraheim-campbell?position=DB, Ibraheim Campbell, S, Northwestern,2015
/player/idrees-bashir?position=DB, Idrees Bashir, S, Memphis,2001
/player/ifeanyi-ohalete?position=DB, Ifeanyi Ohalete, S, USC,2001
/player/ifo-ekpreolomu?position=DB, Ifo Ekpre-Olomu, CB, Oregon,2015
/player/ike-charlton?position=DB, Ike Charlton, CB, Virginia Tech,2000
/player/isaiah-lewis?position=DB, Isaiah Lewis, S, Michigan State,2014
/player/jd-nelson?position=DB, J.D. Nelson, S, Oregon,2007
/player/jj-wilcox?position=DB, J.J. Wilcox, S, Georgia Southern,2013
/player/jacorey-shepherd?position=DB, JaCorey Shepherd, CB, Kansas,2015
/player/jabari-greer?position=DB, Jabari Greer, CB, Tennessee,2004
/player/jabari-price?position=DB, Jabari Price, CB, North Carolina,2014
/player/jack-brewer?position=DB, Jack Brewer, S, Minnesota,2002
/player/jack-tocho?position=DB, Jack Tocho, CB, NC State,2017
/player/jack-williams?position=DB, Jack Williams, S, Azusa Pacific,2000
/player/jack-williams-2008?position=DB, Jack Williams, CB, Kent State,2008
/player/jacoby-glenn?position=DB, Jacoby Glenn, CB, UCF,2015
/player/jacoby-rhinehart?position=DB, Jacoby Rhinehart, CB, SMU,1999
/player/jacoby-shepherd?position=DB, Jacoby Shepherd, CB, Oklahoma State,2000
/player/jadar-johnson?position=DB, Jadar Johnson, S, Clemson,2017
/player/jahi-worddaniels?position=DB, Jahi Word-Daniels, CB, Georgia Tech,2009
/player/jahmile-addae?position=DB, Jahmile Addae, S, West Virginia,2006
/player/jaiquawn-jarrett?position=DB, Jaiquawn Jarrett, S, Temple,2011
/player/jalen-collins?position=DB, Jalen Collins, CB, LSU,2015
/player/jalen-mills?position=DB, Jalen Mills, S, LSU,2016
/player/jalen-myrick?position=DB, Jalen Myrick, CB, Minnesota,2017
/player/jalen-ramsey?position=DB, Jalen Ramsey, CB, Florida State,2016
/player/jamaal-brimmer?position=DB, Jamaal Brimmer, S, UNLV,2005
/player/jalil-brown?position=DB, Jalil Brown, CB, Colorado,2011
/player/jamal-adams?position=DB, Jamal Adams, S, LSU,2017
/player/jamal-carter?position=DB, Jamal Carter, S, Miami,2017
/player/jamar-adams?position=DB, Jamar Adams, S, Michigan,2008
/player/jamar-taylor?position=DB, Jamar Taylor, CB, Boise State,2013
/player/jamar-wall?position=DB, Jamar Wall, CB, Texas Tech,2010
/player/jamarca-sanford?position=DB, Jamarca Sanford, S, Ole Miss,2009
/player/jamell-fleming?position=DB, Jamell Fleming, CB, Oklahoma,2012
/player/james-boyd?position=DB, James Boyd, S, Penn State,2001
/player/james-bradberry?position=DB, James Bradberry, CB, Samford,2016
/player/james-butler?position=DB, James Butler, S, Georgia Tech,2005
/player/james-sample?position=DB, James Sample, S, Louisville,2015
/player/james-whitley?position=DB, James Whitley, CB, Michigan,2001
/player/jamie-henderson?position=DB, Jamie Henderson, CB, Georgia,2001
/player/jamie-silva?position=DB, Jamie Silva, S, Boston College,2008
/player/janoris-jenkins?position=DB, Janoris Jenkins, CB, North Alabama,2012
/player/janzen-jackson?position=DB, Janzen Jackson, S, McNeese State,2012
/player/jeff-harris?position=DB, Jeff Harris, CB, Georgia,2000
/player/jemea-thomas?position=DB, Jemea Thomas, CB, Georgia Tech,2014
/player/jerametrius-butler?position=DB, Jerametrius Butler, CB, Kansas State,2001
/player/jeremy-cash?position=DB, Jeremy Cash, S, Duke,2016
/player/jeremy-clark-2017?position=DB, Jeremy Clark, CB, Michigan,2017
/player/jeremy-jones?position=DB, Jeremy Jones, CB, Wayne State,2012
/player/jeremy-lesueur?position=DB, Jeremy LeSueur, CB, Michigan,2004
/player/jermaine-chatman?position=DB, Jermaine Chatman, CB, Arizona,2002
/player/jermaine-jones?position=DB, Jermaine Jones, CB, Northwestern State,1999
/player/jermaine-phillips?position=DB, Jermaine Phillips, S, Georgia,2002
/player/jermaine-whitehead?position=DB, Jermaine Whitehead, S, Auburn,2015
/player/jermale-hines?position=DB, Jermale Hines, S, Ohio State,2011
/player/jerome-carter?position=DB, Jerome Carter, S, Florida State,2005
/player/jerome-murphy?position=DB, Jerome Murphy, CB, South Florida,2010
/player/jeron-johnson?position=DB, Jeron Johnson, S, Boise State,2011
/player/jerrard-tarrant?position=DB, Jerrard Tarrant, S, Georgia Tech,2011
/player/jerraud-powers?position=DB, Jerraud Powers, CB, Auburn,2009
/player/jerron-mcmillian?position=DB, Jerron McMillian, S, Maine,2012
/player/jerron-wishom?position=DB, Jerron Wishom, CB, Louisiana Tech,2005
/player/jessie-daniels?position=DB, Jessie Daniels, S, LSU,2007
/player/justin-tryon?position=DB, Justin Tryon, CB, Arizona State,2008
/player/justin-woodall?position=DB, Justin Woodall, S, Alabama,2010
/player/juston-burris?position=DB, Juston Burris, CB, NC State,2016
/player/kj-dillon?position=DB, K.J. Dillon, S, West Virginia,2016
/player/kai-nacua?position=DB, Kai Nacua, S, BYU,2017
/player/kam-chancellor?position=DB, Kam Chancellor, S, Virginia Tech,2010
/player/kareem-jackson?position=DB, Kareem Jackson, CB, Alabama,2010
/player/kareem-larrimore?position=DB, Kareem Larrimore, CB, West Texas A&M,2000
/player/karl-joseph?position=DB, Karl Joseph, S, West Virginia,2016
/player/karl-paymah?position=DB, Karl Paymah, CB, Washington State,2005
/player/kavon-frazier?position=DB, Kavon Frazier, S, Central Michigan,2016
/player/kayvon-webster?position=DB, Kayvon Webster, CB, South Florida,2013
/player/keanu-neal?position=DB, Keanu Neal, S, Florida,2016
/player/keelan-johnson?position=DB, Keelan Johnson, S, Arizona State,2013
/player/keenan-lewis?position=DB, Keenan Lewis, CB, Oregon State,2009
/player/keivarae-russell?position=DB, KeiVarae Russell, CB, Notre Dame,2016
/player/keith-lewis?position=DB, Keith Lewis, S, Oregon,2004
/player/keith-mcgill?position=DB, Keith McGill, CB, Utah,2014
/player/keith-reaser?position=DB, Keith Reaser, CB, Florida Atlantic,2014
/player/keith-smith?position=DB, Keith Smith, CB, McNeese State,2004
/player/jim-leonhard?position=DB, Jim Leonhard, S, Wisconsin,2005
/player/jimmie-ward?position=DB, Jimmie Ward, S, Northern Illinois,2014
/player/jimmy-pruitt?position=DB, Jimmy Pruitt, CB, San Jose State,2016
/player/jimmy-smith?position=DB, Jimmy Smith, CB, Colorado,2011
/player/jimmy-williams?position=DB, Jimmy Williams, CB, Vanderbilt,2001
/player/joe-burnett?position=DB, Joe Burnett, CB, UCF,2009
/player/joe-haden?position=DB, Joe Haden, CB, Florida,2010
/player/joe-lefeged?position=DB, Joe Lefeged, S, Rutgers,2011
/player/joey-thomas?position=DB, Joey Thomas, CB, Montana State,2004
/player/john-boyett?position=DB, John Boyett, S, Oregon,2013
/player/john-howell?position=DB, John Howell, S, Colorado State,2001
/player/john-johnson?position=DB, John Johnson, S, Boston College,2017
/player/john-walker?position=DB, John Walker, CB, USC,2006
/player/johnathan-cyprien?position=DB, Johnathan Cyprien, S, FIU,2013
/player/john-wendling?position=DB, John Wendling, S, Wyoming,2007
/player/johnathan-joseph?position=DB, Johnathan Joseph, CB, South Carolina,2006
/player/johndale-carty?position=DB, Johndale Carty, S, Utah State,1999
/player/johnny-adams?position=DB, Johnny Adams, CB, Michigan State,2013
/player/johnny-patrick?position=DB, Johnny Patrick, CB, Louisville,2011
/player/johnny-thomas?position=DB, Johnny Thomas, S, Oklahoma State,2012
/player/keiwan-ratliff?position=DB, Keiwan Ratliff, CB, Florida,2004
/player/kelcie-mccray?position=DB, Kelcie McCray, S, Arkansas State,2012
/player/kelly-jennings?position=DB, Kelly Jennings, CB, Miami,2006
/player/kelvin-hayden?position=DB, Kelvin Hayden, CB, Illinois,2005
/player/ken-crawley?position=DB, Ken Crawley, CB, Colorado,2016
/player/ken-hamlin?position=DB, Ken Hamlin, S, Arkansas,2003
/player/kendall-fuller?position=DB, Kendall Fuller, CB, Virginia Tech,2016
/player/kendall-james?position=DB, Kendall James, CB, Maine,2014
/player/kendric-burney?position=DB, Kendric Burney, CB, North Carolina,2011
/player/kendrick-lewis?position=DB, Kendrick Lewis, S, Ole Miss,2010
/player/kenneth-grant?position=DB, Kenneth Grant, CB, Kentucky,2001
/player/kenny-bryant?position=DB, Kenny Bryant, CB, Jackson State,2001
/player/kenny-ladler?position=DB, Kenny Ladler, S, Vanderbilt,2014
/player/kenny-phillips?position=DB, Kenny Phillips, S, Miami,2008
/player/kenny-scott?position=DB, Kenny Scott, CB, Georgia Tech,2007
/player/kenny-vaccaro?position=DB, Kenny Vaccaro, S, Texas,2013
/player/kenoy-kennedy?position=DB, Kenoy Kennedy, S, Arkansas,2000
/player/kentrell-curry?position=DB, Kentrell Curry, S, Georgia,2004
/player/keon-moore?position=DB, Keon Moore, CB, Southern Miss,2001
/player/kerry-rhodes?position=DB, Kerry Rhodes, S, Louisville,2005
/player/lenny-walls?position=DB, Lenny Walls, CB, Boston College,2002
/player/leodis-mckelvin?position=DB, Leodis McKelvin, CB, Troy,2008
/player/leon-hall?position=DB, Leon Hall, CB, Michigan,2007
/player/leon-mcfadden?position=DB, Leon McFadden, CB, San Diego State,2013
/player/leonard-johnson?position=DB, Leonard Johnson, CB, Iowa State,2012
/player/leonard-myers?position=DB, Leonard Myers, CB, Miami,2001
/player/leonard-peters?position=DB, Leonard Peters, S, Hawai'i,2007
/player/lewis-sanders?position=DB, Lewis Sanders, CB, Maryland,2000
/player/ligarius-jennings?position=DB, Ligarius Jennings, CB, Tennessee State,2001
/player/lloyd-harrison?position=DB, Lloyd Harrison, CB, NC State,2000
/player/logan-ryan?position=DB, Logan Ryan, CB, Rutgers,2013
/player/lorenzo-doss?position=DB, Lorenzo Doss, CB, Tulane,2015
/player/lorenzo-jerome?position=DB, Lorenzo Jerome, S, St. Francis (PA),2017
/player/loucheiz-purifoy?position=DB, Loucheiz Purifoy, CB, Florida,2014
/player/louis-delmas?position=DB, Louis Delmas, S, Western Michigan,2009
/player/lucien-antoine?position=DB, Lucien Antoine, S, Oklahoma State,2010
/player/lydell-sargeant?position=DB, Lydell Sargeant, CB, Penn State,2009
/player/mackensie-alexander?position=DB, Mackensie Alexander, CB, Clemson,2016
/player/madieu-williams?position=DB, Madieu Williams, S, Maryland,2004
/player/major-wright?position=DB, Major Wright, S, Florida,2010
/player/mario-butler?position=DB, Mario Butler, CB, Georgia Tech,2011
/player/mario-edwards?position=DB, Mario Edwards, CB, Florida State,2000
/player/mark-barron?position=DB, Mark Barron, S, Alabama,2012
/player/mark-legree?position=DB, Mark LeGree, S, Appalachian State,2011
/player/markelle-martin?position=DB, Markelle Martin, S, Oklahoma State,2012
/player/markus-curry?position=DB, Markus Curry, CB, Michigan,2005
/player/marlin-jackson?position=DB, Marlin Jackson, CB, Michigan,2005
/player/marlon-humphrey?position=DB, Marlon Humphrey, CB, Alabama,2017
/player/marlon-mccree?position=DB, Marlon McCree, S, Kentucky,2001
/player/marquand-manuel?position=DB, Marquand Manuel, S, Florida,2002
/player/marques-anderson?position=DB, Marques Anderson, S, UCLA,2002
/player/marqueston-huff?position=DB, Marqueston Huff, S, Wyoming,2014
/player/marquez-white?position=DB, Marquez White, CB, Florida State,2017
/player/marquis-smith?position=DB, Marquis Smith, S, California,1999
/player/marquis-weeks?position=DB, Marquis Weeks, S, Virginia,2005
/player/marshon-lattimore?position=DB, Marshon Lattimore, CB, Ohio State,2017
/player/marviel-underwood?position=DB, Marviel Underwood, S, San Diego State,2005
/player/marvin-love?position=DB, Marvin Love, CB, Kentucky,1999
/player/marvin-white?position=DB, Marvin White, S, TCU,2007
/player/matt-bowen?position=DB, Matt Bowen, S, Iowa,2000
/player/johnthan-banks?position=DB, Johnthan Banks, CB, Mississippi State,2013
/player/jon-amaya?position=DB, Jon Amaya, S, Nevada,2010
/player/jon-mcgraw?position=DB, Jon McGraw, S, Kansas State,2002
/player/jonathan-dowling?position=DB, Jonathan Dowling, S, Western Kentucky,2014
/player/jonathan-hefney?position=DB, Jonathan Hefney, S, Tennessee,2008
/player/jonathan-jones?position=DB, Jonathan Jones, CB, Auburn,2016
/player/jonathan-wade?position=DB, Jonathan Wade, CB, Tennessee,2007
/player/jonathan-wilhite?position=DB, Jonathan Wilhite, CB, Auburn,2008
/player/jonathan-zenon?position=DB, Jonathan Zenon, CB, LSU,2008
/player/jordan-lomax?position=DB, Jordan Lomax, S, Iowa,2016
/player/jordan-lucas?position=DB, Jordan Lucas, S, Penn State,2016
/player/jordan-poyer?position=DB, Jordan Poyer, CB, Oregon State,2013
/player/jordan-richards?position=DB, Jordan Richards, S, Stanford,2015
/player/joseph-jefferson?position=DB, Joseph Jefferson, CB, Western Kentucky,2002
/player/josh-barrett?position=DB, Josh Barrett, S, Arizona State,2008
/player/josh-bullocks?position=DB, Josh Bullocks, S, Nebraska,2005
/player/josh-evans?position=DB, Josh Evans, S, Florida,2013
/player/josh-gattis?position=DB, Josh Gattis, S, Wake Forest,2007
/player/josh-harvey-clemons?position=DB, Josh Harvey-Clemons, S, Louisville,2017
/player/josh-jones?position=DB, Josh Jones, S, NC State,2017
/player/josh-lay?position=DB, Josh Lay, CB, Pittsburgh,2006
/player/josh-norman-2012?position=DB, Josh Norman, CB, Coastal Carolina,2012
/player/josh-robinson?position=DB, Josh Robinson, CB, UCF,2012
/player/josh-shaw-2015?position=DB, Josh Shaw, CB, USC,2015
/player/josh-thomas?position=DB, Josh Thomas, CB, Buffalo,2011
/player/josh-wilson?position=DB, Josh Wilson, CB, Maryland,2007
/player/joshua-moore?position=DB, Joshua Moore, CB, Kansas State,2010
/player/jourdan-lewis?position=DB, Jourdan Lewis, CB, Michigan,2017
/player/julian-wilson?position=DB, Julian Wilson, CB, Oklahoma,2015
/player/justin-beriault?position=DB, Justin Beriault, S, Ball State,2005
/player/justin-bethel?position=DB, Justin Bethel, CB, Presbyterian,2012
/player/justin-coleman-2015?position=DB, Justin Coleman, CB, Tennessee,2015
/player/justin-cox?position=DB, Justin Cox, S, Mississippi State,2015
/player/justin-evans?position=DB, Justin Evans, S, Texas A&M,2017
/player/justin-gilbert?position=DB, Justin Gilbert, CB, Oklahoma State,2014
/player/justin-king?position=DB, Justin King, CB, Penn State,2008
/player/justin-mckinney?position=DB, Justin McKinney, CB, Kansas State,2008
/player/justin-miller?position=DB, Justin Miller, CB, Clemson,2005
/player/justin-rogers?position=DB, Justin Rogers, CB, Richmond,2011
/player/justin-simmons?position=DB, Justin Simmons, S, Boston College,2016
/player/matt-elam?position=DB, Matt Elam, S, Florida,2013
/player/matt-graham?position=DB, Matt Graham, S, Indiana State,1999
/player/matt-grootegoed?position=DB, Matt Grootegoed, S, USC,2005
/player/matt-ware?position=DB, Matt Ware, S, UCLA,2004
/player/matterral-richardson?position=DB, Matterral Richardson, CB, Arkansas,2008
/player/maurice-canady?position=DB, Maurice Canady, CB, Virginia,2016
/player/mel-mitchell?position=DB, Mel Mitchell, S, Western Kentucky,2002
/player/micah-hyde?position=DB, Micah Hyde, CB, Iowa,2013
/player/micah-pellerin?position=DB, Micah Pellerin, CB, Hampton,2012
/player/michael-coe?position=DB, Michael Coe, CB, Alabama State,2007
/player/michael-grant?position=DB, Michael Grant, CB, Arkansas,2008
/player/michael-griffin?position=DB, Michael Griffin, S, Texas,2007
/player/michael-hamlin?position=DB, Michael Hamlin, S, Clemson,2009
/player/michael-huff?position=DB, Michael Huff, S, Texas,2006
/player/michael-jameson?position=DB, Michael Jameson, S, Texas A&M,2001
/player/michael-johnson?position=DB, Michael Johnson, S, Arizona,2007
/player/michael-lewis?position=DB, Michael Lewis, S, Colorado,2002
/player/michael-stone?position=DB, Michael Stone, CB, Memphis,2001
/player/michael-tyson?position=DB, Michael Tyson, S, Cincinnati,2017
/player/michael-waddell?position=DB, Michael Waddell, CB, North Carolina,2004
/player/mike-brown?position=DB, Mike Brown, S, Nebraska,2000
/player/mike-edwards?position=DB, Mike Edwards, CB, Hawai'i,2013
/player/mike-green-2000?position=DB, Mike Green, S, Northwestern State,2000
/player/mike-harris?position=DB, Mike Harris, CB, Florida State,2012
/player/mike-jenkins?position=DB, Mike Jenkins, CB, South Florida,2008
/player/mike-lehan?position=DB, Mike Lehan, CB, Minnesota,2003
/player/mike-mckenzie?position=DB, Mike McKenzie, S, Memphis,1999
/player/miles-killebrew?position=DB, Miles Killebrew, S, Southern Utah,2016
/player/mitchell-freedman?position=DB, Mitchell Freedman, S, Arizona,1999
/player/mo-alexander?position=DB, Mo Alexander, S, Utah State,2014
/player/montae-nicholson?position=DB, Montae Nicholson, S, Michigan State,2017
/player/morgan-burnett?position=DB, Morgan Burnett, S, Georgia Tech,2010
/player/morgan-trent?position=DB, Morgan Trent, CB, Michigan,2009
/player/morris-claiborne?position=DB, Morris Claiborne, CB, LSU,2012
/player/myron-lewis?position=DB, Myron Lewis, S, Vanderbilt,2010
/player/myron-rolle?position=DB, Myron Rolle, S, Florida State,2010
/player/myron-terry?position=DB, Myron Terry, S, Colorado State,1999
/player/nat-berhe?position=DB, Nat Berhe, S, San Diego State,2014
/player/nate-allen?position=DB, Nate Allen, S, South Florida,2010
/player/nate-gerry?position=DB, Nate Gerry, S, Nebraska,2017
/player/kurtis-drummond?position=DB, Kurtis Drummond, S, Michigan State,2015
/player/kyle-fuller?position=DB, Kyle Fuller, CB, Virginia Tech,2014
/player/kyle-mccarthy?position=DB, Kyle McCarthy, S, Notre Dame,2010
/player/kyle-wilson?position=DB, Kyle Wilson, CB, Boise State,2010
/player/kyshoen-jarrett?position=DB, Kyshoen Jarrett, S, Virginia Tech,2015
/player/laron-landry?position=DB, LaRon Landry, S, LSU,2007
/player/lavar-glover?position=DB, LaVar Glover, CB, Cincinnati,2002
/player/ladarius-gunter?position=DB, Ladarius Gunter, CB, Miami,2015
/player/lamar-grant?position=DB, Lamar Grant, CB, Duke,2000
/player/lamarcus-brutus?position=DB, Lamarcus Brutus, S, Florida State,2016
/player/lamarcus-joyner?position=DB, Lamarcus Joyner, CB, Florida State,2014
/player/lamont-reid?position=DB, Lamont Reid, CB, NC State,2005
/player/lamont-thompson?position=DB, Lamont Thompson, S, Washington State,2002
/player/landon-collins?position=DB, Landon Collins, S, Alabama,2015
/player/lardarius-webb?position=DB, Lardarius Webb, CB, Nicholls State,2009
/player/larry-asante?position=DB, Larry Asante, S, Nebraska,2010
/player/lavelle-westbrooks?position=DB, Lavelle Westbrooks, CB, Georgia Southern,2014
/player/lawrence-richardson?position=DB, Lawrence Richardson, CB, Arkansas,2004
/player/leshaun-sims?position=DB, LeShaun Sims, CB, Southern Utah,2016
/player/lendy-holmes?position=DB, Lendy Holmes, S, Oklahoma,2009
/player/pat-watkins?position=DB, Pat Watkins, S, Florida State,2006
/player/patrick-body?position=DB, Patrick Body, S, Toledo,2005
/player/patrick-chung?position=DB, Patrick Chung, S, Oregon,2009
/player/patrick-dyson?position=DB, Patrick Dyson, CB, Utah,2001
/player/patrick-lee?position=DB, Patrick Lee, CB, Auburn,2008
/player/patrick-peterson?position=DB, Patrick Peterson, CB, LSU,2011
/player/patrick-robinson?position=DB, Patrick Robinson, CB, Florida State,2010
/player/paul-miranda?position=DB, Paul Miranda, CB, UCF,1999
/player/perrish-cox?position=DB, Perrish Cox, CB, Oklahoma State,2010
/player/phillip-gaines?position=DB, Phillip Gaines, CB, Rice,2014
/player/phillip-thomas?position=DB, Phillip Thomas, S, Syracuse,2012
/player/phillip-thomas-2013?position=DB, Phillip Thomas, S, Fresno State,2013
/player/pierre-desir?position=DB, Pierre Desir, CB, Lindenwood,2014
/player/pierson-prioleau?position=DB, Pierson Prioleau, S, Virginia Tech,1999
/player/prince-amukamara?position=DB, Prince Amukamara, CB, Nebraska,2011
/player/quandre-diggs?position=DB, Quandre Diggs, CB, Texas,2015
/player/quentin-harris?position=DB, Quentin Harris, S, Syracuse,2002
/player/quentin-jammer?position=DB, Quentin Jammer, CB, Texas,2002
/player/quincy-wilson-2017?position=DB, Quincy Wilson, CB, Florida,2017
/player/quinten-rollins?position=DB, Quinten Rollins, CB, Miami (Ohio),2015
/player/kevin-barnes?position=DB, Kevin Barnes, CB, Maryland,2009
/player/kevin-brooks?position=DB, Kevin Brooks, CB, South Carolina,1999
/player/kevin-curtis?position=DB, Kevin Curtis, S, Texas Tech,2002
/player/kevin-garrett?position=DB, Kevin Garrett, CB, SMU,2003
/player/kevin-johnson-2015?position=DB, Kevin Johnson, CB, Wake Forest,2015
/player/kevin-king?position=DB, Kevin King, CB, Washington,2017
/player/kevin-payne?position=DB, Kevin Payne, S, Louisiana-Monroe,2007
/player/kevin-peterson?position=DB, Kevin Peterson, CB, Oklahoma State,2016
/player/kevin-rutland?position=DB, Kevin Rutland, CB, Missouri,2011
/player/kevin-thomas-2010?position=DB, Kevin Thomas, CB, USC,2010
/player/kevin-thomas?position=DB, Kevin Thomas, CB, UNLV,2002
/player/kevin-white-2015?position=DB, Kevin White, CB, TCU,2015
/player/kevon-seymour?position=DB, Kevon Seymour, CB, USC,2016
/player/keyuo-craver?position=DB, Keyuo Craver, CB, Nebraska,2002
/player/khalid-naziruddin?position=DB, Khalid Naziruddin, CB, Texas Tech,2006
/player/khalid-wooten?position=DB, Khalid Wooten, CB, Nevada,2013
/player/ko-simpson?position=DB, Ko Simpson, S, South Carolina,2006
/player/korey-banks?position=DB, Korey Banks, CB, Mississippi State,2003
/player/kris-richard?position=DB, Kris Richard, CB, USC,2002
/player/kurt-coleman?position=DB, Kurt Coleman, S, Ohio State,2010
/player/malcolm-jenkins?position=DB, Malcolm Jenkins, S, Ohio State,2009
/player/malik-hooker?position=DB, Malik Hooker, S, Ohio State,2017
/player/marc-anthony?position=DB, Marc Anthony, CB, California,2013
/player/marcell-allmond?position=DB, Marcell Allmond, CB, USC,2004
/player/marcus-demps?position=DB, Marcus Demps, S, San Diego State,2006
/player/marcus-gilchrist?position=DB, Marcus Gilchrist, CB, Clemson,2011
/player/marcus-griffin?position=DB, Marcus Griffin, S, Texas,2008
/player/marcus-maxey?position=DB, Marcus Maxey, CB, Miami,2006
/player/marcus-maye?position=DB, Marcus Maye, S, Florida,2017
/player/marcus-mccauley?position=DB, Marcus McCauley, CB, Fresno State,2007
/player/marcus-mcclinton?position=DB, Marcus McClinton, S, Kentucky,2009
/player/marcus-paschal?position=DB, Marcus Paschal, S, Iowa,2007
/player/marcus-peters?position=DB, Marcus Peters, CB, Washington,2015
/player/marcus-ray?position=DB, Marcus Ray, S, Michigan,1999
/player/marcus-roberson?position=DB, Marcus Roberson, CB, Florida,2014
/player/marcus-trufant?position=DB, Marcus Trufant, CB, Washington State,2003
/player/marcus-walker?position=DB, Marcus Walker, CB, Oklahoma,2008
/player/marcus-washington?position=DB, Marcus Washington, S, Colorado,1999
/player/marcus-williams-2017?position=DB, Marcus Williams, S, Utah,2017
/player/marcus-winn?position=DB, Marcus Winn, S, Alabama State,2004
/player/nate-hairston?position=DB, Nate Hairston, CB, Temple,2017
/player/nate-williams?position=DB, Nate Williams, S, Washington,2011
/player/nehemiah-warrick?position=DB, Nehemiah Warrick, S, Michigan State,2008
/player/nate-salley?position=DB, Nate Salley, S, Ohio State,2006
/player/nevin-lawson?position=DB, Nevin Lawson, CB, Utah State,2014
/player/nick-collins?position=DB, Nick Collins, CB, Bethune-Cookman,2005
/player/nick-polk?position=DB, Nick Polk, S, Indiana,2010
/player/nickell-robey?position=DB, Nickell Robey, CB, USC,2013
/player/nijrell-eason?position=DB, Nijrell Eason, CB, Arizona State,2001
/player/nikia-codie?position=DB, Nikia Codie, S, Baylor,1999
/player/niles-brinkley?position=DB, Niles Brinkley, CB, Wisconsin,2011
/player/nnamdi-asomugha?position=DB, Nnamdi Asomugha, CB, California,2003
/player/norman-lejeune?position=DB, Norman LeJeune, S, LSU,2003
/player/oj-atogwe?position=DB, O.J. Atogwe, S, Stanford,2005
/player/obi-melifonwu?position=DB, Obi Melifonwu, S, Connecticut,2017
/player/omar-bolden?position=DB, Omar Bolden, CB, Arizona State,2012
/player/omare-lowe?position=DB, Omare Lowe, CB, Washington,2002
/player/orlando-scandrick?position=DB, Orlando Scandrick, CB, Boise State,2008
/player/pj-williams?position=DB, P.J. Williams, CB, Florida State,2015
/player/paris-johnson?position=DB, Paris Johnson, S, Miami (Ohio),1999
/player/ricky-thompson?position=DB, Ricky Thompson, S, Oklahoma State,1999
/player/robert-alford?position=DB, Robert Alford, CB, Southeast Louisiana,2013
/player/robert-bean?position=DB, Robert Bean, CB, Mississippi State,2000
/player/robert-blanton?position=DB, Robert Blanton, CB, Notre Dame,2012
/player/robert-carswell?position=DB, Robert Carswell, S, Clemson,2001
/player/robert-sands?position=DB, Robert Sands, S, West Virginia,2011
/player/robert-lester?position=DB, Robert Lester, S, Alabama,2013
/player/roc-alexander?position=DB, Roc Alexander, CB, Washington,2004
/player/rod-babers?position=DB, Rod Babers, CB, Texas,2003
/player/rod-sweeting?position=DB, Rod Sweeting, CB, Georgia Tech,2013
/player/rodney-crayton?position=DB, Rodney Crayton, CB, Auburn,2001
/player/rogers-beckett?position=DB, Rogers Beckett, S, Marshall,2000
/player/ron-brooks?position=DB, Ron Brooks, CB, LSU,2012
/player/ron-isreal?position=DB, Ron Isreal, S, Notre Dame,2002
/player/ronald-bartell?position=DB, Ronald Bartell, CB, Howard,2005
/player/ronald-darby?position=DB, Ronald Darby, CB, Florida State,2015
/player/rontez-miles?position=DB, Rontez Miles, S, California (PA),2013
/player/ross-cockrell?position=DB, Ross Cockrell, CB, Duke,2014
/player/roosevelt-williams?position=DB, Roosevelt Williams, CB, Tuskegee,2002
/player/roy-williams?position=DB, Roy Williams, S, Oklahoma,2002
/player/quintin-demps?position=DB, Quintin Demps, S, UTEP,2008
/player/quintin-williams?position=DB, Quintin Williams, S, Wake Forest,2004
/player/quinton-carter?position=DB, Quinton Carter, S, Oklahoma,2011
/player/rahim-moore?position=DB, Rahim Moore, S, UCLA,2011
/player/ralph-brown?position=DB, Ralph Brown, CB, Nebraska,2000
/player/randy-black?position=DB, Randy Black, S, UNLV,2001
/player/randy-jordan?position=DB, Randy Jordan, CB, Kansas State,2004
/player/rasi-dowling?position=DB, Ras-I Dowling, CB, Virginia,2011
/player/rashaad-reynolds?position=DB, Rashaad Reynolds, CB, Oregon State,2014
/player/rashad-baker?position=DB, Rashad Baker, S, Tennessee,2004
/player/rashad-bauman?position=DB, Rashad Bauman, CB, Oregon,2002
/player/rashad-carmichael?position=DB, Rashad Carmichael, CB, Virginia Tech,2011
/player/rashad-holman?position=DB, Rashad Holman, CB, Louisville,2001
/player/rashad-johnson?position=DB, Rashad Johnson, S, Alabama,2009
/player/rashad-washington?position=DB, Rashad Washington, S, Kansas State,2004
/player/rashard-anderson?position=DB, Rashard Anderson, CB, Jackson State,2000
/player/rashard-cook?position=DB, Rashard Cook, S, USC,1999
/player/rashard-robinson?position=DB, Rashard Robinson, CB, LSU,2016
/player/rashean-mathis?position=DB, Rashean Mathis, S, Bethune-Cookman,2003
/player/rashidi-barnes?position=DB, Rashidi Barnes, S, Colorado,2000
/player/rudy-ford?position=DB, Rudy Ford, S, Auburn,2017
/player/rufus-brown?position=DB, Rufus Brown, CB, Florida State,2004
/player/ryan-mouton?position=DB, Ryan Mouton, CB, Hawai'i,2009
/player/ryan-palmer?position=DB, Ryan Palmer, CB, Texas,2009
/player/ryan-smith?position=DB, Ryan Smith, CB, Florida,2007
/player/ryan-smith-2016?position=DB, Ryan Smith, CB, North Carolina Central,2016
/player/ryan-steed?position=DB, Ryan Steed, CB, Furman,2012
/player/sabby-piscitelli?position=DB, Sabby Piscitelli, S, Oregon State,2007
/player/sam-brandon?position=DB, Sam Brandon, S, UNLV,2002
/player/sammy-davis?position=DB, Sammy Davis, CB, Texas A&M,2003
/player/sanders-commings?position=DB, Sanders Commings, CB, Georgia,2013
/player/scott-shields?position=DB, Scott Shields, S, Weber State,1999
/player/scott-starks?position=DB, Scott Starks, CB, Wisconsin,2005
/player/scott-ware?position=DB, Scott Ware, S, USC,2006
/player/sean-cattouse?position=DB, Sean Cattouse, S, California,2012
/player/sean-considine?position=DB, Sean Considine, S, Iowa,2005
/player/sean-davis?position=DB, Sean Davis, CB, Maryland,2016
/player/sean-key?position=DB, Sean Key, S, Florida State,2000
/player/sean-richardson?position=DB, Sean Richardson, S, Vanderbilt,2012
/player/sean-smith?position=DB, Sean Smith, CB, Utah,2009
/player/rasul-douglas?position=DB, Rasul Douglas, CB, West Virginia,2017
/player/raymond-walls?position=DB, Raymond Walls, CB, Southern Miss,2001
/player/rayshawn--jenkins?position=DB, Rayshawn  Jenkins, S, Miami,2017
/player/reed-doughty?position=DB, Reed Doughty, S, Northern Colorado,2006
/player/reggie-austin?position=DB, Reggie Austin, CB, Wake Forest,2000
/player/reggie-lewis?position=DB, Reggie Lewis, CB, Florida,2007
/player/reggie-nelson?position=DB, Reggie Nelson, S, Florida,2007
/player/renaldo-hill?position=DB, Renaldo Hill, CB, Michigan State,2001
/player/renard-cox?position=DB, Renard Cox, CB, Maryland,2000
/player/reshad-jones?position=DB, Reshad Jones, S, Georgia,2010
/player/reuben-houston?position=DB, Reuben Houston, CB, Georgia Tech,2006
/player/ricardo-allen?position=DB, Ricardo Allen, CB, Purdue,2014
/player/ricardo-colclough?position=DB, Ricardo Colclough, CB, Tusculum,2004
/player/rich-coady?position=DB, Rich Coady, S, Texas A&M,1999
/player/rich-gardner?position=DB, Rich Gardner, CB, Penn State,2004
/player/richard-marshall?position=DB, Richard Marshall, CB, Fresno State,2006
/player/richard-newsome?position=DB, Richard Newsome, S, Michigan State,2001
/player/richard-sherman?position=DB, Richard Sherman, CB, Stanford,2011
/player/rick-sherrod?position=DB, Rick Sherrod, S, West Virginia,2002
/player/ricky-manning?position=DB, Ricky Manning, CB, UCLA,2003
/player/tyvis-powell?position=DB, Tyvis Powell, S, Ohio State,2016
/player/tyvon-branch?position=DB, Tyvon Branch, CB, Connecticut,2008
/player/vance-cuff?position=DB, Vance Cuff, CB, Georgia,2011
/player/vernon-hargreaves?position=DB, Vernon Hargreaves, CB, Florida,2016
/player/victor-hampton?position=DB, Victor Hampton, CB, South Carolina,2014
/player/victor-harris?position=DB, Victor Harris, CB, Virginia Tech,2009
/player/vincent-meeks?position=DB, Vincent Meeks, S, Texas Tech,2006
/player/vinnie-sunseri?position=DB, Vinnie Sunseri, S, Alabama,2014
/player/von-hutchins?position=DB, Von Hutchins, CB, Ole Miss,2004
/player/virgil-williams?position=DB, Virgil Williams, S, Washington State,2004
/player/vonn-bell?position=DB, Vonn Bell, S, Ohio State,2016
/player/vontae-davis?position=DB, Vontae Davis, CB, Illinois,2009
/player/vontez-duff?position=DB, Vontez Duff, CB, Notre Dame,2004
/player/wesly-mallard?position=DB, Wesly Mallard, S, Oregon,2002
/player/will-allen?position=DB, Will Allen, CB, Syracuse,2001
/player/will-blackmon?position=DB, Will Blackmon, CB, Boston College,2006
/player/will-davis-2013?position=DB, Will Davis, CB, Utah State,2013
/player/will-hill?position=DB, Will Hill, S, Florida,2011
/player/will-peterson?position=DB, Will Peterson, CB, Western Illinois,2001
/player/will-poole?position=DB, Will Poole, CB, USC,2004
/player/teez-tabor?position=DB, Teez Tabor, CB, Florida,2017
/player/terence-newman?position=DB, Terence Newman, CB, Kansas State,2003
/player/terrance-mitchell?position=DB, Terrance Mitchell, CB, Oregon,2014
/player/terreal-bierria?position=DB, Terreal Bierria, S, Georgia,2002
/player/terrell-roberts?position=DB, Terrell Roberts, CB, Oregon State,2003
/player/terrell-thomas?position=DB, Terrell Thomas, CB, USC,2008
/player/terrence-brooks?position=DB, Terrence Brooks, S, Florida State,2014
/player/terrence-frederick?position=DB, Terrence Frederick, CB, Texas A&M,2012
/player/terrence-holt?position=DB, Terrence Holt, S, NC State,2003
/player/terrence-kiel?position=DB, Terrence Kiel, S, Texas A&M,2003
/player/terrence-mcgee?position=DB, Terrence McGee, CB, Northwestern State,2003
/player/terrence-wheatley?position=DB, Terrence Wheatley, CB, Colorado,2008
/player/terry-hawthorne?position=DB, Terry Hawthorne, CB, Illinois,2013
/player/terry-holley?position=DB, Terry Holley, S, Rice,2005
/player/tevin-carter?position=DB, Tevin Carter, S, Utah,2016
/player/tevin-mcdonald?position=DB, Tevin McDonald, S, Eastern Washington,2015
/player/tharold-simon?position=DB, Tharold Simon, CB, LSU,2013
/player/thomas-davis?position=DB, Thomas Davis, S, Georgia,2005
/player/thomas-decoud?position=DB, Thomas DeCoud, S, California,2008
/player/thomas-wright?position=DB, Thomas Wright, S, Michigan State,2003
/player/stanley-wilson?position=DB, Stanley Wilson, CB, Stanford,2005
/player/stephon-gilmore?position=DB, Stephon Gilmore, CB, South Carolina,2012
/player/stephon-kelly?position=DB, Stephon Kelly, S, Winston-Salem State,2002
/player/steve-smith-2002?position=DB, Steve Smith, S, Oregon,2002
/player/steve-williams?position=DB, Steve Williams, CB, California,2013
/player/steven-nelson?position=DB, Steven Nelson, CB, Oregon State,2015
/player/stuart-schweigert?position=DB, Stuart Schweigert, S, Purdue,2004
/player/sydquan-thompson?position=DB, Syd'Quan Thompson, CB, California,2010
/player/tj-green?position=DB, T.J. Green, S, Clemson,2016
/player/tj-ward?position=DB, T.J. Ward, S, Oregon,2010
/player/tj-mcdonald?position=DB, T.J. McDonald, S, USC,2013
/player/tanard-jackson?position=DB, Tanard Jackson, S, Syracuse,2007
/player/tank-williams?position=DB, Tank Williams, S, Stanford,2002
/player/tarell-brown?position=DB, Tarell Brown, CB, Texas,2007
/player/taveze-calhoun?position=DB, Taveze Calhoun, CB, Mississippi State,2016
/player/tavon-young?position=DB, Tavon Young, CB, Temple,2016
/player/tay-cody?position=DB, Tay Cody, CB, Florida State,2001
/player/taylor-mays?position=DB, Taylor Mays, S, USC,2010
/player/taylor-reynolds?position=DB, Taylor Reynolds, CB, James Madison,2017
/player/tedric-thompson?position=DB, Tedric Thompson, S, Colorado,2017
/player/william-bartee?position=DB, William Bartee, CB, Oklahoma,2000
/player/will-redmond?position=DB, Will Redmond, CB, Mississippi State,2016
/player/william-jacksoniii?position=DB, William Jackson III, CB, Houston,2016
/player/william-likely?position=DB, William Likely, DB, Maryland,2017
/player/william-moore?position=DB, William Moore, S, Missouri,2009
/player/willie-andrews?position=DB, Willie Andrews, S, Baylor,2006
/player/willie-ford?position=DB, Willie Ford, CB, Syracuse,2002
/player/willie-middlebrooks?position=DB, Willie Middlebrooks, CB, Minnesota,2001
/player/willie-offord?position=DB, Willie Offord, S, South Carolina,2002
/player/willie-pile?position=DB, Willie Pile, S, Virginia Tech,2003
/player/wilrey-fontenot?position=DB, Wilrey Fontenot, CB, Arizona,2008
/player/winston-guy?position=DB, Winston Guy, S, Kentucky,2012
/player/xavien-howard?position=DB, Xavien Howard, CB, Baylor,2016
/player/xavier-coleman?position=DB, Xavier Coleman, CB, Portland State,2017
/player/xavier-rhodes?position=DB, Xavier Rhodes, CB, Florida State,2013
/player/xavier-woods?position=DB, Xavier Woods, S, Louisiana Tech,2017
/player/zack-sanchez?position=DB, Zack Sanchez, CB, Oklahoma,2016
/player/zackary-bowman?position=DB, Zackary Bowman, CB, Nebraska,2008
/player/zeke-motta?position=DB, Zeke Motta, S, Notre Dame,2013
/player/sedrick-curry?position=DB, Sedrick Curry, CB, Texas A&M,2000
/player/senquez-golson?position=DB, Senquez Golson, CB, Ole Miss,2015
/player/shalom-luani?position=DB, Shalom Luani, S, Washington State,2017
/player/shamarko-thomas?position=DB, Shamarko Thomas, S, Syracuse,2013
/player/shane-walton?position=DB, Shane Walton, CB, Notre Dame,2003
/player/shaquill-griffin?position=DB, Shaquill Griffin, DB, UCF,2017
/player/shareece-wright?position=DB, Shareece Wright, CB, USC,2011
/player/shaun-prater?position=DB, Shaun Prater, CB, Iowa,2012
/player/shaunard-harts?position=DB, Shaunard Harts, S, Boise State,2001
/player/shawn-forte?position=DB, Shawn Forte, S, Maryland,2001
/player/shawn-williams?position=DB, Shawn Williams, S, Georgia,2013
/player/sheldon-brown?position=DB, Sheldon Brown, CB, South Carolina,2002
/player/sherrod-martin?position=DB, Sherrod Martin, CB, Troy,2009
/player/shiloh-keo?position=DB, Shiloh Keo, S, Idaho,2011
/player/sidney-jones?position=DB, Sidney Jones, CB, Washington,2017
/player/simeon-castille?position=DB, Simeon Castille, S, Alabama,2008
/player/sojourn-shelton?position=DB, Sojourn Shelton, CB, Wisconsin,2017
/player/sori-kanu?position=DB, Sori Kanu, S, Michigan State,1999
/player/stanford-routt?position=DB, Stanford Routt, CB, Houston,2005
/player/stanley-jeanbaptiste?position=DB, Stanley Jean-Baptiste, CB, Nebraska,2014
/player/tim-jennings?position=DB, Tim Jennings, CB, Georgia,2006
/player/tinker-keck?position=DB, Tinker Keck, S, Cincinnati,2000
/player/todd-franz?position=DB, Todd Franz, S, Tulsa,2000
/player/todd-johnson?position=DB, Todd Johnson, S, Florida,2003
/player/todd-washington?position=DB, Todd Washington, CB, Southeast Louisiana,2014
/player/tom-zbikowski?position=DB, Tom Zbikowski, S, Notre Dame,2008
/player/tony-beckham?position=DB, Tony Beckham, CB, Wisconsin-Stout,2002
/player/tony-bua?position=DB, Tony Bua, S, Arkansas,2004
/player/tony-dixon?position=DB, Tony Dixon, S, Alabama,2001
/player/tony-george?position=DB, Tony George, S, Florida,1999
/player/tony-jefferson?position=DB, Tony Jefferson, S, Oklahoma,2013
/player/tony-okanlawon?position=DB, Tony Okanlawon, CB, Maryland,2002
/player/tony-scott?position=DB, Tony Scott, CB, NC State,2000
/player/torrie-cox?position=DB, Torrie Cox, CB, Pittsburgh,2003
/player/tracy-porter?position=DB, Tracy Porter, CB, Indiana,2008
/player/trae-waynes?position=DB, Trae Waynes, CB, Michigan State,2015
/player/trae-williams?position=DB, Trae Williams, CB, South Florida,2008
/player/travares-tillman?position=DB, Travares Tillman, S, Georgia Tech,2000
/player/travarous-bain?position=DB, Travarous Bain, CB, Hampton,2007
/player/travis-carrie?position=DB, Travis Carrie, CB, Ohio,2014
/player/travis-daniels?position=DB, Travis Daniels, CB, LSU,2005
/player/tre-boston?position=DB, Tre  Boston, S, North Carolina,2014
/player/tredavious-white?position=DB, Tre'Davious White, CB, LSU,2017
/player/trent-gamble?position=DB, Trent Gamble, S, Wyoming,2000
/player/trenton-robinson?position=DB, Trenton Robinson, S, Michigan State,2012
/player/treston-decoud?position=DB, Treston Decoud, CB, Oregon State,2017
/player/trevard-lindley?position=DB, Trevard Lindley, CB, Kentucky,2010
/player/trevin-wade?position=DB, Trevin Wade, CB, Arizona,2012
/player/troy-hill?position=DB, Troy Hill, CB, Oregon,2015
/player/troy-nolan?position=DB, Troy Nolan, S, Arizona State,2009
/player/trumaine-johnson?position=DB, Trumaine Johnson, CB, Montana,2012
/player/trumaine-mcbride?position=DB, Trumaine McBride, CB, Ole Miss,2007
/player/ty-talton?position=DB, Ty Talton, CB, Northern Iowa,1999
/player/tye-hill?position=DB, Tye Hill, CB, Clemson,2006
/player/tye-smith?position=DB, Tye Smith, CB, Towson,2015
/player/tyler-sash?position=DB, Tyler Sash, S, Iowa,2011
/player/tyrann-mathieu?position=DB, Tyrann Mathieu, CB, LSU,2013
/player/tyrell-johnson?position=DB, Tyrell Johnson, S, Arkansas State,2008
/player/tyron-brackenridge?position=DB, Tyron Brackenridge, CB, Washington State,2007
/player/tyrone-carter?position=DB, Tyrone Carter, S, Minnesota,2000